"ExperimentID"	"StimulusID"	"NameInStudy"	"NameInDB"	"ExperimentType"	"ExperimentTypeAdd"	"FontType"	"FontSize"	"ExperimentParticipantID"	"UniqueParticipantID"	"RecordingDate(MM-DD-YYYY)"	"EyeTrackerType"	"RecordingSoftware"	"EyeTrackerSoftwareVersion"	"Keylogger"	"KeyloggingSoftwareVersion"	"ExperimentalLocation"	"TargetLanguage"	"FileName"
"KTHJ08"	"Text1"	"A"	1	"Translation"	"NA"	"Tahoma"	18	"P01"	"U1"	04/21/2008	"Tobii1750"	"ClearView"	"2.7.1."	"Translog"	"3.2.5.0."	"CBS"	"Danish"	"#N/A"
"KTHJ08"	"Text2"	"B"	2	"Translation"	"NA"	"Tahoma"	18	"P1"	"U1"	04/21/2008	"Tobii1750"	"ClearView"	"2.7.1."	"Translog"	"3.2.5.0."	"CBS"	"Danish"	
"KTHJ08"	"Text3"	"C"	3	"Translation"	"NA"	"Tahoma"	18	"P1"	"U1"	04/21/2008	"Tobii1750"	"ClearView"	"2.7.1."	"Translog"	"3.2.5.0."	"CBS"	"Danish"	
"KTHJ08"	"Text1"	"A"	1	"Translation"	"NA"	"Tahoma"	18	"P2"	"U2"	04/30/2008	"Tobii1750"	"ClearView"	"2.7.1."	"Translog"	"3.2.5.0."	"CBS"	"Danish"	
"KTHJ08"	"Text2"	"B"	2	"Translation"	"NA"	"Tahoma"	18	"P2"	"U2"	04/30/2008	"Tobii1750"	"ClearView"	"2.7.1."	"Translog"	"3.2.5.0."	"CBS"	"Danish"	
"KTHJ08"	"Text3"	"C"	3	"Translation"	"NA"	"Tahoma"	18	"P2"	"U2"	04/30/2008	"Tobii1750"	"ClearView"	"2.7.1."	"Translog"	"3.2.5.0."	"CBS"	"Danish"	
"KTHJ08"	"Text1"	"A"	1	"Translation"	"NA"	"Tahoma"	18	"P3"	"U3"	04/30/2008	"Tobii1750"	"ClearView"	"2.7.1."	"Translog"	"3.2.5.0."	"CBS"	"Danish"	
"KTHJ08"	"Text2"	"B"	2	"Translation"	"NA"	"Tahoma"	18	"P3"	"U3"	04/30/2008	"Tobii1750"	"ClearView"	"2.7.1."	"Translog"	"3.2.5.0."	"CBS"	"Danish"	
"KTHJ08"	"Text3"	"C"	3	"Translation"	"NA"	"Tahoma"	18	"P3"	"U3"	04/30/2008	"Tobii1750"	"ClearView"	"2.7.1."	"Translog"	"3.2.5.0."	"CBS"	"Danish"	
"KTHJ08"	"Text1"	"A"	1	"Translation"	"NA"	"Tahoma"	18	"P4"	"U4"	01/28/2009	"Tobii1750"	"ClearView"	"2.7.1."	"Translog"	"3.2.5.0."	"CBS"	"Danish"	
"KTHJ08"	"Text2"	"B"	2	"Translation"	"NA"	"Tahoma"	18	"P4"	"U4"	01/28/2009	"Tobii1750"	"ClearView"	"2.7.1."	"Translog"	"3.2.5.0."	"CBS"	"Danish"	
"KTHJ08"	"Text3"	"C"	3	"Translation"	"NA"	"Tahoma"	18	"P4"	"U4"	01/28/2009	"Tobii1750"	"ClearView"	"2.7.1."	"Translog"	"3.2.5.0."	"CBS"	"Danish"	
"KTHJ08"	"Text1"	"A"	1	"Translation"	"NA"	"Tahoma"	18	"P5"	"U5"	05/14/2008	"Tobii1750"	"ClearView"	"2.7.1."	"Translog"	"3.2.5.0."	"CBS"	"Danish"	
"KTHJ08"	"Text2"	"B"	2	"Translation"	"NA"	"Tahoma"	18	"P5"	"U5"	05/14/2008	"Tobii1750"	"ClearView"	"2.7.1."	"Translog"	"3.2.5.0."	"CBS"	"Danish"	
"KTHJ08"	"Text3"	"C"	3	"Translation"	"NA"	"Tahoma"	18	"P5"	"U5"	05/14/2008	"Tobii1750"	"ClearView"	"2.7.1."	"Translog"	"3.2.5.0."	"CBS"	"Danish"	
"KTHJ08"	"Text1"	"A"	1	"Translation"	"NA"	"Tahoma"	18	"P6"	"U6"	01/08/2009	"Tobii1750"	"ClearView"	"2.7.1."	"Translog"	"3.2.5.0."	"CBS"	"Danish"	
"KTHJ08"	"Text2"	"B"	2	"Translation"	"NA"	"Tahoma"	18	"P6"	"U6"	01/08/2009	"Tobii1750"	"ClearView"	"2.7.1."	"Translog"	"3.2.5.0."	"CBS"	"Danish"	
"KTHJ08"	"Text3"	"C"	3	"Translation"	"NA"	"Tahoma"	18	"P6"	"U6"	01/08/2009	"Tobii1750"	"ClearView"	"2.7.1."	"Translog"	"3.2.5.0."	"CBS"	"Danish"	
"KTHJ08"	"Text1"	"A"	1	"Translation"	"NA"	"Tahoma"	18	"P7"	"U7"	05/15/2008	"Tobii1750"	"ClearView"	"2.7.1."	"Translog"	"3.2.5.0."	"CBS"	"Danish"	
"KTHJ08"	"Text2"	"B"	2	"Translation"	"NA"	"Tahoma"	18	"P7"	"U7"	05/15/2008	"Tobii1750"	"ClearView"	"2.7.1."	"Translog"	"3.2.5.0."	"CBS"	"Danish"	
"KTHJ08"	"Text3"	"C"	3	"Translation"	"NA"	"Tahoma"	18	"P7"	"U7"	05/15/2008	"Tobii1750"	"ClearView"	"2.7.1."	"Translog"	"3.2.5.0."	"CBS"	"Danish"	
"KTHJ08"	"Text1"	"A"	1	"Translation"	"NA"	"Tahoma"	18	"P8"	"U8"	06/04/2008	"Tobii1750"	"ClearView"	"2.7.1."	"Translog"	"3.2.5.0."	"CBS"	"Danish"	
"KTHJ08"	"Text2"	"B"	2	"Translation"	"NA"	"Tahoma"	18	"P8"	"U8"	06/04/2008	"Tobii1750"	"ClearView"	"2.7.1."	"Translog"	"3.2.5.0."	"CBS"	"Danish"	
"KTHJ08"	"Text3"	"C"	3	"Translation"	"NA"	"Tahoma"	18	"P8"	"U8"	06/04/2008	"Tobii1750"	"ClearView"	"2.7.1."	"Translog"	"3.2.5.0."	"CBS"	"Danish"	
"KTHJ08"	"Text1"	"A"	1	"Translation"	"NA"	"Tahoma"	18	"P9"	"U9"	06/04/2008	"Tobii1750"	"ClearView"	"2.7.1."	"Translog"	"3.2.5.0."	"CBS"	"Danish"	
"KTHJ08"	"Text2"	"B"	2	"Translation"	"NA"	"Tahoma"	18	"P9"	"U9"	06/04/2008	"Tobii1750"	"ClearView"	"2.7.1."	"Translog"	"3.2.5.0."	"CBS"	"Danish"	
"KTHJ08"	"Text3"	"C"	3	"Translation"	"NA"	"Tahoma"	18	"P9"	"U9"	06/04/2008	"Tobii1750"	"ClearView"	"2.7.1."	"Translog"	"3.2.5.0."	"CBS"	"Danish"	
"KTHJ08"	"Text1"	"A"	1	"Translation"	"NA"	"Tahoma"	18	"P10"	"U10"	05/19/2008	"Tobii1750"	"ClearView"	"2.7.1."	"Translog"	"3.2.5.0."	"CBS"	"Danish"	
"KTHJ08"	"Text2"	"B"	2	"Translation"	"NA"	"Tahoma"	18	"P10"	"U10"	05/19/2008	"Tobii1750"	"ClearView"	"2.7.1."	"Translog"	"3.2.5.0."	"CBS"	"Danish"	
"KTHJ08"	"Text3"	"C"	3	"Translation"	"NA"	"Tahoma"	18	"P10"	"U10"	05/19/2008	"Tobii1750"	"ClearView"	"2.7.1."	"Translog"	"3.2.5.0."	"CBS"	"Danish"	
"KTHJ08"	"Text1"	"A"	1	"Translation"	"NA"	"Tahoma"	18	"P11"	"U11"	05/25/2009	"Tobii1750"	"ClearView"	"2.7.1."	"Translog"	"3.2.5.0."	"CBS"	"Danish"	
"KTHJ08"	"Text2"	"B"	2	"Translation"	"NA"	"Tahoma"	18	"P11"	"U11"	05/25/2009	"Tobii1750"	"ClearView"	"2.7.1."	"Translog"	"3.2.5.0."	"CBS"	"Danish"	
"KTHJ08"	"Text3"	"C"	3	"Translation"	"NA"	"Tahoma"	18	"P11"	"U11"	05/25/2009	"Tobii1750"	"ClearView"	"2.7.1."	"Translog"	"3.2.5.0."	"CBS"	"Danish"	
"KTHJ08"	"Text1"	"A"	1	"Translation"	"NA"	"Tahoma"	18	"P12"	"U12"	05/28/2009	"Tobii1750"	"ClearView"	"2.7.1."	"Translog"	"3.2.5.0."	"CBS"	"Danish"	
"KTHJ08"	"Text2"	"B"	2	"Translation"	"NA"	"Tahoma"	18	"P12"	"U12"	05/28/2009	"Tobii1750"	"ClearView"	"2.7.1."	"Translog"	"3.2.5.0."	"CBS"	"Danish"	
"KTHJ08"	"Text3"	"C"	3	"Translation"	"NA"	"Tahoma"	18	"P12"	"U12"	05/28/2009	"Tobii1750"	"ClearView"	"2.7.1."	"Translog"	"3.2.5.0."	"CBS"	"Danish"	
"KTHJ08"	"Text1"	"A"	1	"Translation"	"NA"	"Tahoma"	18	"S1"	"U13"	01/08/2009	"Tobii1750"	"ClearView"	"2.7.1."	"Translog"	"3.2.5.0."	"CBS"	"Danish"	
"KTHJ08"	"Text2"	"B"	2	"Translation"	"NA"	"Tahoma"	18	"S1"	"U13"	01/08/2009	"Tobii1750"	"ClearView"	"2.7.1."	"Translog"	"3.2.5.0."	"CBS"	"Danish"	
"KTHJ08"	"Text3"	"C"	3	"Translation"	"NA"	"Tahoma"	18	"S1"	"U13"	01/08/2009	"Tobii1750"	"ClearView"	"2.7.1."	"Translog"	"3.2.5.0."	"CBS"	"Danish"	
"KTHJ08"	"Text1"	"A"	1	"Translation"	"NA"	"Tahoma"	18	"S2"	"U14"	01/06/2009	"Tobii1750"	"ClearView"	"2.7.1."	"Translog"	"3.2.5.0."	"CBS"	"Danish"	
"KTHJ08"	"Text2"	"B"	2	"Translation"	"NA"	"Tahoma"	18	"S2"	"U14"	01/06/2009	"Tobii1750"	"ClearView"	"2.7.1."	"Translog"	"3.2.5.0."	"CBS"	"Danish"	
"KTHJ08"	"Text3"	"C"	3	"Translation"	"NA"	"Tahoma"	18	"S2"	"U14"	01/06/2009	"Tobii1750"	"ClearView"	"2.7.1."	"Translog"	"3.2.5.0."	"CBS"	"Danish"	
"KTHJ08"	"Text1"	"A"	1	"Translation"	"NA"	"Tahoma"	18	"S3"	"U15"	04/29/2008	"Tobii1750"	"ClearView"	"2.7.1."	"Translog"	"3.2.5.0."	"CBS"	"Danish"	
"KTHJ08"	"Text2"	"B"	2	"Translation"	"NA"	"Tahoma"	18	"S3"	"U15"	04/29/2008	"Tobii1750"	"ClearView"	"2.7.1."	"Translog"	"3.2.5.0."	"CBS"	"Danish"	
"KTHJ08"	"Text3"	"C"	3	"Translation"	"NA"	"Tahoma"	18	"S3"	"U15"	04/29/2008	"Tobii1750"	"ClearView"	"2.7.1."	"Translog"	"3.2.5.0."	"CBS"	"Danish"	
"KTHJ08"	"Text1"	"A"	1	"Translation"	"NA"	"Tahoma"	18	"S4"	"U16"	04/30/2008	"Tobii1750"	"ClearView"	"2.7.1."	"Translog"	"3.2.5.0."	"CBS"	"Danish"	
"KTHJ08"	"Text2"	"B"	2	"Translation"	"NA"	"Tahoma"	18	"S4"	"U16"	04/30/2008	"Tobii1750"	"ClearView"	"2.7.1."	"Translog"	"3.2.5.0."	"CBS"	"Danish"	
"KTHJ08"	"Text3"	"C"	3	"Translation"	"NA"	"Tahoma"	18	"S4"	"U16"	04/30/2008	"Tobii1750"	"ClearView"	"2.7.1."	"Translog"	"3.2.5.0."	"CBS"	"Danish"	
"KTHJ08"	"Text1"	"A"	1	"Translation"	"NA"	"Tahoma"	18	"S5"	"U17"	05/19/2008	"Tobii1750"	"ClearView"	"2.7.1."	"Translog"	"3.2.5.0."	"CBS"	"Danish"	
"KTHJ08"	"Text2"	"B"	2	"Translation"	"NA"	"Tahoma"	18	"S5"	"U17"	05/19/2008	"Tobii1750"	"ClearView"	"2.7.1."	"Translog"	"3.2.5.0."	"CBS"	"Danish"	
"KTHJ08"	"Text3"	"C"	3	"Translation"	"NA"	"Tahoma"	18	"S5"	"U17"	05/19/2008	"Tobii1750"	"ClearView"	"2.7.1."	"Translog"	"3.2.5.0."	"CBS"	"Danish"	
"KTHJ08"	"Text1"	"A"	1	"Translation"	"NA"	"Tahoma"	18	"S6"	"U18"	01/07/2009	"Tobii1750"	"ClearView"	"2.7.1."	"Translog"	"3.2.5.0."	"CBS"	"Danish"	
"KTHJ08"	"Text2"	"B"	2	"Translation"	"NA"	"Tahoma"	18	"S6"	"U18"	01/07/2009	"Tobii1750"	"ClearView"	"2.7.1."	"Translog"	"3.2.5.0."	"CBS"	"Danish"	
"KTHJ08"	"Text3"	"C"	3	"Translation"	"NA"	"Tahoma"	18	"S6"	"U18"	01/07/2009	"Tobii1750"	"ClearView"	"2.7.1."	"Translog"	"3.2.5.0."	"CBS"	"Danish"	
"KTHJ08"	"Text1"	"A"	1	"Translation"	"NA"	"Tahoma"	18	"S7"	"U19"	05/20/2008	"Tobii1750"	"ClearView"	"2.7.1."	"Translog"	"3.2.5.0."	"CBS"	"Danish"	
"KTHJ08"	"Text2"	"B"	2	"Translation"	"NA"	"Tahoma"	18	"S7"	"U19"	05/20/2008	"Tobii1750"	"ClearView"	"2.7.1."	"Translog"	"3.2.5.0."	"CBS"	"Danish"	
"KTHJ08"	"Text3"	"C"	3	"Translation"	"NA"	"Tahoma"	18	"S7"	"U19"	05/20/2008	"Tobii1750"	"ClearView"	"2.7.1."	"Translog"	"3.2.5.0."	"CBS"	"Danish"	
"KTHJ08"	"Text1"	"A"	1	"Translation"	"NA"	"Tahoma"	18	"S8"	"U20"	06/26/2008	"Tobii1750"	"ClearView"	"2.7.1."	"Translog"	"3.2.5.0."	"CBS"	"Danish"	
"KTHJ08"	"Text2"	"B"	2	"Translation"	"NA"	"Tahoma"	18	"S8"	"U20"	06/26/2008	"Tobii1750"	"ClearView"	"2.7.1."	"Translog"	"3.2.5.0."	"CBS"	"Danish"	
"KTHJ08"	"Text3"	"C"	3	"Translation"	"NA"	"Tahoma"	18	"S8"	"U20"	06/26/2008	"Tobii1750"	"ClearView"	"2.7.1."	"Translog"	"3.2.5.0."	"CBS"	"Danish"	
"KTHJ08"	"Text1"	"A"	1	"Translation"	"NA"	"Tahoma"	18	"S9"	"U21"	12/18/2008	"Tobii1750"	"ClearView"	"2.7.1."	"Translog"	"3.2.5.0."	"CBS"	"Danish"	
"KTHJ08"	"Text2"	"B"	2	"Translation"	"NA"	"Tahoma"	18	"S9"	"U21"	12/18/2008	"Tobii1750"	"ClearView"	"2.7.1."	"Translog"	"3.2.5.0."	"CBS"	"Danish"	
"KTHJ08"	"Text3"	"C"	3	"Translation"	"NA"	"Tahoma"	18	"S9"	"U21"	12/18/2008	"Tobii1750"	"ClearView"	"2.7.1."	"Translog"	"3.2.5.0."	"CBS"	"Danish"	
"KTHJ08"	"Text1"	"A"	1	"Translation"	"NA"	"Tahoma"	18	"S10"	"U22"	04/29/2008	"Tobii1750"	"ClearView"	"2.7.1."	"Translog"	"3.2.5.0."	"CBS"	"Danish"	
"KTHJ08"	"Text2"	"B"	2	"Translation"	"NA"	"Tahoma"	18	"S10"	"U22"	04/29/2008	"Tobii1750"	"ClearView"	"2.7.1."	"Translog"	"3.2.5.0."	"CBS"	"Danish"	
"KTHJ08"	"Text3"	"C"	3	"Translation"	"NA"	"Tahoma"	18	"S10"	"U22"	04/29/2008	"Tobii1750"	"ClearView"	"2.7.1."	"Translog"	"3.2.5.0."	"CBS"	"Danish"	
"KTHJ08"	"Text1"	"A"	1	"Translation"	"NA"	"Tahoma"	18	"S11"	"U23"	01/29/2009	"Tobii1750"	"ClearView"	"2.7.1."	"Translog"	"3.2.5.0."	"CBS"	"Danish"	
"KTHJ08"	"Text2"	"B"	2	"Translation"	"NA"	"Tahoma"	18	"S11"	"U23"	01/29/2009	"Tobii1750"	"ClearView"	"2.7.1."	"Translog"	"3.2.5.0."	"CBS"	"Danish"	
"KTHJ08"	"Text3"	"C"	3	"Translation"	"NA"	"Tahoma"	18	"S11"	"U23"	01/29/2009	"Tobii1750"	"ClearView"	"2.7.1."	"Translog"	"3.2.5.0."	"CBS"	"Danish"	
"KTHJ08"	"Text1"	"A"	1	"Translation"	"NA"	"Tahoma"	18	"S12"	"U24"	05/20/2008	"Tobii1750"	"ClearView"	"2.7.1."	"Translog"	"3.2.5.0."	"CBS"	"Danish"	
"KTHJ08"	"Text2"	"B"	2	"Translation"	"NA"	"Tahoma"	18	"S12"	"U24"	05/20/2008	"Tobii1750"	"ClearView"	"2.7.1."	"Translog"	"3.2.5.0."	"CBS"	"Danish"	
"KTHJ08"	"Text3"	"C"	3	"Translation"	"NA"	"Tahoma"	18	"S12"	"U24"	05/20/2008	"Tobii1750"	"ClearView"	"2.7.1."	"Translog"	"3.2.5.0."	"CBS"	"Danish"	
"ACS08"	"Text5"	1	1	"Copying"	"NA"	"Tahoma"	18	1	"U25"	08/06/2009	"Tobii1750"	"ClearView"	"2.7.1."	"Translog"		"CBS"	"English"	"Copying"
"ACS08"	"Text5"	2	2	"Copying"	"NA"	"Tahoma"	18	1	"U25"	08/06/2009	"Tobii1750"	"ClearView"	"2.7.1."	"Translog"		"CBS"	"English"	"Copying"
"ACS08"	"Text6"	3	3	"Translation"	"NA"	"Tahoma"	18	1	"U25"	08/06/2009	"Tobii1750"	"ClearView"	"2.7.1."	"Translog"		"CBS"	"Danish"	"Translation"
"ACS08"	"Text7"	4	4	"Translation"	"NA"	"Tahoma"	18	1	"U25"	08/06/2009	"Tobii1750"	"ClearView"	"2.7.1."	"Translog"		"CBS"	"Danish"	"Translation"
"ACS08"	"Text4"	1	1	"Copying"	"NA"	"Tahoma"	18	2	"U6"	06/15/2009	"Tobii1750"	"ClearView"	"2.7.1."	"Translog"		"CBS"	"English"	"Copying"
"ACS08"	"Text5"	2	2	"Copying"	"NA"	"Tahoma"	18	2	"U6"	06/15/2009	"Tobii1750"	"ClearView"	"2.7.1."	"Translog"		"CBS"	"English"	"Copying"
"ACS08"	"Text6"	3	3	"Copying"	"NA"	"Tahoma"	18	2	"U6"	06/15/2009	"Tobii1750"	"ClearView"	"2.7.1."	"Translog"		"CBS"	"English"	"Copying"
"ACS08"	"Text7"	4	4	"Translation"	"NA"	"Tahoma"	18	2	"U6"	06/15/2009	"Tobii1750"	"ClearView"	"2.7.1."	"Translog"		"CBS"	"Danish"	"Translation"
"ACS08"	"Text4"	1	1	"Translation"	"NA"	"Tahoma"	18	3	"U26"	06/25/2010	"Tobii1750"	"ClearView"	"2.7.1."	"Translog"		"CBS"	"Danish"	"Translation"
"ACS08"	"Text5"	2	2	"Translation"	"NA"	"Tahoma"	18	3	"U26"	06/25/2010	"Tobii1750"	"ClearView"	"2.7.1."	"Translog"		"CBS"	"Danish"	"Translation"
"ACS08"	"Text6"	3	3	"Copying"	"NA"	"Tahoma"	18	3	"U26"	06/25/2010	"Tobii1750"	"ClearView"	"2.7.1."	"Translog"		"CBS"	"English"	"Copying"
"ACS08"	"Text4"	1	1	"Copying"	"NA"	"Tahoma"	18	4	"U27"	08/20/2009	"Tobii1750"	"ClearView"	"2.7.1."	"Translog"		"CBS"	"English"	"Copying"
"ACS08"	"Text5"	2	2	"Copying"	"NA"	"Tahoma"	18	4	"U27"	08/20/2009	"Tobii1750"	"ClearView"	"2.7.1."	"Translog"		"CBS"	"English"	"Copying"
"ACS08"	"Text6"	3	3	"Translation"	"NA"	"Tahoma"	18	4	"U27"	08/20/2009	"Tobii1750"	"ClearView"	"2.7.1."	"Translog"		"CBS"	"Danish"	"Translation"
"ACS08"	"Text7"	4	4	"Translation"	"NA"	"Tahoma"	18	4	"U27"	08/20/2009	"Tobii1750"	"ClearView"	"2.7.1."	"Translog"		"CBS"	"Danish"	"Translation"
"ACS08"	"Text5"	2	2	"Copying"	"NA"	"Tahoma"	18	5	"U2"	06/12/2009	"Tobii1750"	"ClearView"	"2.7.1."	"Translog"		"CBS"	"English"	"Copying"
"ACS08"	"Text7"	4	4	"Translation"	"NA"	"Tahoma"	18	5	"U2"	06/12/2009	"Tobii1750"	"ClearView"	"2.7.1."	"Translog"		"CBS"	"Danish"	"Translation"
"ACS08"	"Text4"	1	1	"Copying"	"NA"	"Tahoma"	18	6	"U28"	08/13/2009	"Tobii1750"	"ClearView"	"2.7.1."	"Translog"		"CBS"	"English"	"Copying"
"ACS08"	"Text5"	2	2	"Copying"	"NA"	"Tahoma"	18	6	"U28"	08/13/2009	"Tobii1750"	"ClearView"	"2.7.1."	"Translog"		"CBS"	"English"	"Copying"
"ACS08"	"Text6"	3	3	"Translation"	"NA"	"Tahoma"	18	6	"U28"	08/13/2009	"Tobii1750"	"ClearView"	"2.7.1."	"Translog"		"CBS"	"Danish"	"Translation"
"ACS08"	"Text7"	4	4	"Translation"	"NA"	"Tahoma"	18	6	"U28"	08/13/2009	"Tobii1750"	"ClearView"	"2.7.1."	"Translog"		"CBS"	"Danish"	"Translation"
"ACS08"	"Text4"	1	1	"Copying"	"NA"	"Tahoma"	18	7	"U11"	06/23/2009	"Tobii1750"	"ClearView"	"2.7.1."	"Translog"		"CBS"	"English"	"Copying"
"ACS08"	"Text5"	2	2	"Copying"	"NA"	"Tahoma"	18	7	"U11"	06/23/2009	"Tobii1750"	"ClearView"	"2.7.1."	"Translog"		"CBS"	"English"	"Copying"
"ACS08"	"Text6"	3	3	"Translation"	"NA"	"Tahoma"	18	7	"U11"	06/23/2009	"Tobii1750"	"ClearView"	"2.7.1."	"Translog"		"CBS"	"Danish"	"Translation"
"ACS08"	"Text7"	4	4	"Translation"	"NA"	"Tahoma"	18	7	"U11"	06/23/2009	"Tobii1750"	"ClearView"	"2.7.1."	"Translog"		"CBS"	"Danish"	"Translation"
"ACS08"	"Text4"	1	1	"Translation"	"NA"	"Tahoma"	18	8	"U1"	11/09/2009	"Tobii1750"	"ClearView"	"2.7.1."	"Translog"		"CBS"	"Danish"	"Translation"
"ACS08"	"Text5"	2	2	"Translation"	"NA"	"Tahoma"	18	8	"U1"	11/09/2009	"Tobii1750"	"ClearView"	"2.7.1."	"Translog"		"CBS"	"Danish"	"Translation"
"ACS08"	"Text6"	3	3	"Copying"	"NA"	"Tahoma"	18	8	"U1"	11/09/2009	"Tobii1750"	"ClearView"	"2.7.1."	"Translog"		"CBS"	"English"	"Copying"
"ACS08"	"Text7"	4	4	"Copying"	"NA"	"Tahoma"	18	8	"U1"	11/09/2009	"Tobii1750"	"ClearView"	"2.7.1."	"Translog"		"CBS"	"English"	"Copying"
"ACS08"	"Text4"	1	1	"Copying"	"NA"	"Tahoma"	18	9	"U29"	08/20/2009	"Tobii1750"	"ClearView"	"2.7.1."	"Translog"		"CBS"	"English"	"Copying"
"ACS08"	"Text5"	2	2	"Copying"	"NA"	"Tahoma"	18	9	"U29"	08/20/2009	"Tobii1750"	"ClearView"	"2.7.1."	"Translog"		"CBS"	"English"	"Copying"
"ACS08"	"Text6"	3	3	"Translation"	"NA"	"Tahoma"	18	9	"U29"	08/20/2009	"Tobii1750"	"ClearView"	"2.7.1."	"Translog"		"CBS"	"Danish"	"Translation"
"ACS08"	"Text7"	4	4	"Translation"	"NA"	"Tahoma"	18	9	"U29"	08/20/2009	"Tobii1750"	"ClearView"	"2.7.1."	"Translog"		"CBS"	"Danish"	"Translation"
"ACS08"	"Text4"	1	1	"Translation"	"NA"	"Tahoma"	18	10	"U5"	12/08/2009	"Tobii1750"	"ClearView"	"2.7.1."	"Translog"		"CBS"	"Danish"	"Translation"
"ACS08"	"Text5"	2	2	"Translation"	"NA"	"Tahoma"	18	10	"U5"	12/08/2009	"Tobii1750"	"ClearView"	"2.7.1."	"Translog"		"CBS"	"Danish"	"Translation"
"ACS08"	"Text6"	3	3	"Copying"	"NA"	"Tahoma"	18	10	"U5"	12/08/2009	"Tobii1750"	"ClearView"	"2.7.1."	"Translog"		"CBS"	"English"	"Copying"
"ACS08"	"Text7"	4	4	"Copying"	"NA"	"Tahoma"	18	10	"U5"	12/08/2009	"Tobii1750"	"ClearView"	"2.7.1."	"Translog"		"CBS"	"English"	"Copying"
"ACS08"	"Text4"	1	2	"Translation"	"NA"	"Tahoma"	18	11	"U9"	06/19/2009	"Tobii1750"	"ClearView"	"2.7.1."	"Translog"		"CBS"	"Danish"	"Translation"
"ACS08"	"Text5"	2	3	"Copying"	"NA"	"Tahoma"	18	11	"U9"	06/19/2009	"Tobii1750"	"ClearView"	"2.7.1."	"Translog"		"CBS"	"English"	"Copying"
"ACS08"	"Text6"	3	4	"Copying"	"NA"	"Tahoma"	18	11	"U9"	06/19/2009	"Tobii1750"	"ClearView"	"2.7.1."	"Translog"		"CBS"	"English"	"Copying"
"ACS08"	"Text7"	4	1	"Copying"	"NA"	"Tahoma"	18	12	"U8"	06/17/2009	"Tobii1750"	"ClearView"	"2.7.1."	"Translog"		"CBS"	"English"	"Copying"
"ACS08"	"Text4"	1	3	"Translation"	"NA"	"Tahoma"	18	12	"U8"	06/17/2009	"Tobii1750"	"ClearView"	"2.7.1."	"Translog"		"CBS"	"Danish"	"Translation"
"ACS08"	"Text5"	2	4	"Translation"	"NA"	"Tahoma"	18	12	"U8"	06/17/2009	"Tobii1750"	"ClearView"	"2.7.1."	"Translog"		"CBS"	"Danish"	"Translation"
"ACS08"	"Text6"	3	1	"Translation"	"NA"	"Tahoma"	18	13	"U30"	11/18/2009	"Tobii1750"	"ClearView"	"2.7.1."	"Translog"		"CBS"	"Danish"	"Translation"
"ACS08"	"Text7"	4	2	"Translation"	"NA"	"Tahoma"	18	13	"U30"	11/18/2009	"Tobii1750"	"ClearView"	"2.7.1."	"Translog"		"CBS"	"Danish"	"Translation"
"ACS08"	"Text4"	1	3	"Copying"	"NA"	"Tahoma"	18	13	"U30"	11/18/2009	"Tobii1750"	"ClearView"	"2.7.1."	"Translog"		"CBS"	"English"	"Copying"
"ACS08"	"Text5"	2	4	"Copying"	"NA"	"Tahoma"	18	13	"U30"	11/18/2009	"Tobii1750"	"ClearView"	"2.7.1."	"Translog"		"CBS"	"English"	"Copying"
"ACS08"	"Text5"	2	2	"Copying"	"NA"	"Tahoma"	18	14	"U31"	06/11/2009	"Tobii1750"	"ClearView"	"2.7.1."	"Translog"		"CBS"	"English"	"Copying"
"ACS08"	"Text6"	3	3	"Translation"	"NA"	"Tahoma"	18	14	"U31"	06/11/2009	"Tobii1750"	"ClearView"	"2.7.1."	"Translog"		"CBS"	"Danish"	"Translation"
"ACS08"	"Text4"	1	1	"Translation"	"NA"	"Tahoma"	18	15	"U32"	07/05/2010	"Tobii1750"	"ClearView"	"2.7.1."	"Translog"		"CBS"	"Danish"	"Translation"
"ACS08"	"Text5"	2	2	"Translation"	"NA"	"Tahoma"	18	15	"U32"	07/05/2010	"Tobii1750"	"ClearView"	"2.7.1."	"Translog"		"CBS"	"Danish"	"Translation"
"ACS08"	"Text6"	3	3	"Copying"	"NA"	"Tahoma"	18	15	"U32"	07/05/2010	"Tobii1750"	"ClearView"	"2.7.1."	"Translog"		"CBS"	"English"	"Copying"
"ACS08"	"Text7"	4	4	"Copying"	"NA"	"Tahoma"	18	15	"U32"	07/05/2010	"Tobii1750"	"ClearView"	"2.7.1."	"Translog"		"CBS"	"English"	"Copying"
"ACS08"	"Text4"	1	1	"Copying"	"NA"	"Tahoma"	18	16	"U12"	06/23/2009	"Tobii1750"	"ClearView"	"2.7.1."	"Translog"		"CBS"	"English"	"Copying"
"ACS08"	"Text5"	2	2	"Copying"	"NA"	"Tahoma"	18	16	"U12"	06/23/2009	"Tobii1750"	"ClearView"	"2.7.1."	"Translog"		"CBS"	"English"	"Copying"
"ACS08"	"Text6"	3	3	"Translation"	"NA"	"Tahoma"	18	16	"U12"	06/23/2009	"Tobii1750"	"ClearView"	"2.7.1."	"Translog"		"CBS"	"Danish"	"Translation"
"ACS08"	"Text7"	4	4	"Translation"	"NA"	"Tahoma"	18	16	"U12"	06/23/2009	"Tobii1750"	"ClearView"	"2.7.1."	"Translog"		"CBS"	"Danish"	"Translation"
"ACS08"	"Text4"	1	1	"Translation"	"NA"	"Tahoma"	18	17	"U33"	11/18/2008	"Tobii1750"	"ClearView"	"2.7.1."	"Translog"		"CBS"	"Danish"	"Translation"
"ACS08"	"Text5"	2	2	"Translation"	"NA"	"Tahoma"	18	17	"U33"	11/18/2008	"Tobii1750"	"ClearView"	"2.7.1."	"Translog"		"CBS"	"Danish"	"Translation"
"ACS08"	"Text6"	3	3	"Copying"	"NA"	"Tahoma"	18	17	"U33"	11/18/2008	"Tobii1750"	"ClearView"	"2.7.1."	"Translog"		"CBS"	"English"	"Copying"
"ACS08"	"Text7"	4	4	"Copying"	"NA"	"Tahoma"	18	17	"U33"	11/18/2008	"Tobii1750"	"ClearView"	"2.7.1."	"Translog"		"CBS"	"English"	"Copying"
"BD08"	"Text8"		1	"Translation"		"Tahoma"		1		11/18/2008	"Tobii1750"	"ClearView"	"2.7.1."	"Translog"		"CBS"	"Danish"	
"BD08"	"Text8"		1	"Translation"		"Tahoma"		2		11/25/2008	"Tobii1750"	"ClearView"	"2.7.1."	"Translog"		"CBS"	"Danish"	
"BD08"	"Text8"		1	"Translation"		"Tahoma"		3		11/13/2008	"Tobii1750"	"ClearView"	"2.7.1."	"Translog"		"CBS"	"Danish"	
"BD08"	"Text8"		1	"Translation"		"Tahoma"		4		11/18/2008	"Tobii1750"	"ClearView"	"2.7.1."	"Translog"		"CBS"	"Danish"	
"BD08"	"Text8"		1	"Translation"		"Tahoma"		5		08/28/2008	"Tobii1750"	"ClearView"	"2.7.1."	"Translog"		"CBS"	"Danish"	
"BD08"	"Text8"		1	"Translation"		"Tahoma"		6		04/01/2009	"Tobii1750"	"ClearView"	"2.7.1."	"Translog"		"CBS"	"Danish"	
"BD08"	"Text8"		1	"Translation"		"Tahoma"		7		11/24/2008	"Tobii1750"	"ClearView"	"2.7.1."	"Translog"		"CBS"	"Danish"	
"BD08"	"Text8"		1	"Translation"		"Tahoma"		8		12/04/2008	"Tobii1750"	"ClearView"	"2.7.1."	"Translog"		"CBS"	"Danish"	
"BD08"	"Text8"		1	"Translation"		"Tahoma"		9		11/11/2008	"Tobii1750"	"ClearView"	"2.7.1."	"Translog"		"CBS"	"Danish"	
"BD08"	"Text8"		1	"Translation"		"Tahoma"		10		11/24/2008	"Tobii1750"	"ClearView"	"2.7.1."	"Translog"		"CBS"	"Danish"	
"LWB09"	"Text10"	"Text B"	2	"Translation"		"Times New Roman"	18	"P01"	"U34"	04/24/2009	"Tobii1750"	"ClearView"	"2.7.1."	"Translog"		"CBS"	"English"	
"LWB09"	"Text11"	"NA"	3	"Translation"		"Times New Roman"	18	"P01"	"U34"	04/24/2009	"Tobii1750"	"ClearView"	"2.7.1."	"Translog"		"CBS"	"English"	
"LWB09"	"Text9"	"Text A"	1	"Translation"		"Times New Roman"	18	"P02"	"U6"	01/21/2009	"Tobii1750"	"ClearView"	"2.7.1."	"Translog"		"CBS"	"English"	
"LWB09"	"Text10"	"Text B"	2	"Translation"		"Times New Roman"	18	"P02"	"U6"	01/21/2009	"Tobii1750"	"ClearView"	"2.7.1."	"Translog"		"CBS"	"English"	
"LWB09"	"Text11"	"NA"	3	"Translation"		"Times New Roman"	18	"P02"	"U6"	01/21/2009	"Tobii1750"	"ClearView"	"2.7.1."	"Translog"		"CBS"	"English"	
"LWB09"	"Text9"	"Text A"	1	"Translation"		"Times New Roman"	18	"P03"	"U35"	03/18/2009	"Tobii1750"	"ClearView"	"2.7.1."	"Translog"		"CBS"	"English"	
"LWB09"	"Text11"	"NA"	3	"Translation"		"Times New Roman"	18	"P03"	"U35"	03/18/2009	"Tobii1750"	"ClearView"	"2.7.1."	"Translog"		"CBS"	"English"	
"LWB09"	"Text10"	"Text B"	2	"Translation"		"Times New Roman"	18	"P04"	"U36"	04/02/2009	"Tobii1750"	"ClearView"	"2.7.1."	"Translog"		"CBS"	"English"	
"LWB09"	"Text11"	"NA"	3	"Translation"		"Times New Roman"	18	"P04"	"U36"	04/02/2009	"Tobii1750"	"ClearView"	"2.7.1."	"Translog"		"CBS"	"English"	
"LWB09"	"Text10"	"Text B"	2	"Translation"		"Times New Roman"	18	"P05"	"U28"	04/06/2009	"Tobii1750"	"ClearView"	"2.7.1."	"Translog"		"CBS"	"English"	
"LWB09"	"Text9"	"Text A"	1	"Translation"		"Times New Roman"	18	"P06"	"U37"	01/28/2009	"Tobii1750"	"ClearView"	"2.7.1."	"Translog"		"CBS"	"English"	
"LWB09"	"Text11"	"NA"	3	"Translation"		"Times New Roman"	18	"P06"	"U37"	01/28/2009	"Tobii1750"	"ClearView"	"2.7.1."	"Translog"		"CBS"	"English"	
"LWB09"	"Text9"	"Text A"	1	"Translation"		"Times New Roman"	18	"P07"	"U11"	04/07/2009	"Tobii1750"	"ClearView"	"2.7.1."	"Translog"		"CBS"	"English"	
"LWB09"	"Text10"	"Text B"	2	"Translation"		"Times New Roman"	18	"P07"	"U11"	04/07/2009	"Tobii1750"	"ClearView"	"2.7.1."	"Translog"		"CBS"	"English"	
"LWB09"	"Text11"	"NA"	3	"Translation"		"Times New Roman"	18	"P07"	"U11"	04/07/2009	"Tobii1750"	"ClearView"	"2.7.1."	"Translog"		"CBS"	"English"	
"LWB09"	"Text10"	"Text B"	2	"Translation"		"Times New Roman"	18	"P08"	"U29"	04/06/2009	"Tobii1750"	"ClearView"	"2.7.1."	"Translog"		"CBS"	"English"	
"LWB09"	"Text11"	"NA"	3	"Translation"		"Times New Roman"	18	"P08"	"U29"	04/06/2009	"Tobii1750"	"ClearView"	"2.7.1."	"Translog"		"CBS"	"English"	
"LWB09"	"Text10"	"Text B"	2	"Translation"		"Times New Roman"	18	"P09"	"U38"	05/04/2009	"Tobii1750"	"ClearView"	"2.7.1."	"Translog"		"CBS"	"English"	
"LWB09"	"Text11"	"NA"	3	"Translation"		"Times New Roman"	18	"P09"	"U38"	05/04/2009	"Tobii1750"	"ClearView"	"2.7.1."	"Translog"		"CBS"	"English"	
"LWB09"	"Text9"	"Text A"	1	"Translation"		"Times New Roman"	18	"P10"	"U5"	01/20/2009	"Tobii1750"	"ClearView"	"2.7.1."	"Translog"		"CBS"	"English"	
"LWB09"	"Text10"	"Text B"	2	"Translation"		"Times New Roman"	18	"P10"	"U5"	01/20/2009	"Tobii1750"	"ClearView"	"2.7.1."	"Translog"		"CBS"	"English"	
"LWB09"	"Text11"	"NA"	3	"Translation"		"Times New Roman"	18	"P10"	"U5"	01/20/2009	"Tobii1750"	"ClearView"	"2.7.1."	"Translog"		"CBS"	"English"	
"LWB09"	"Text9"	"Text A"	1	"Translation"		"Times New Roman"	18	"P11"	"U9"	01/19/2009	"Tobii1750"	"ClearView"	"2.7.1."	"Translog"		"CBS"	"English"	
"LWB09"	"Text10"	"Text B"	2	"Translation"		"Times New Roman"	18	"P11"	"U9"	01/19/2009	"Tobii1750"	"ClearView"	"2.7.1."	"Translog"		"CBS"	"English"	
"LWB09"	"Text11"	"NA"	3	"Translation"		"Times New Roman"	18	"P11"	"U9"	01/19/2009	"Tobii1750"	"ClearView"	"2.7.1."	"Translog"		"CBS"	"English"	
"LWB09"	"Text9"	"Text A"	1	"Translation"		"Times New Roman"	18	"P12"	"U8"	01/20/2009	"Tobii1750"	"ClearView"	"2.7.1."	"Translog"		"CBS"	"English"	
"LWB09"	"Text10"	"Text B"	2	"Translation"		"Times New Roman"	18	"P12"	"U8"	01/20/2009	"Tobii1750"	"ClearView"	"2.7.1."	"Translog"		"CBS"	"English"	
"LWB09"	"Text11"	"NA"	3	"Translation"		"Times New Roman"	18	"P12"	"U8"	01/20/2009	"Tobii1750"	"ClearView"	"2.7.1."	"Translog"		"CBS"	"English"	
"LWB09"	"Text11"	"NA"	3	"Translation"		"Times New Roman"	18	"P13"	"U30"	04/06/2009	"Tobii1750"	"ClearView"	"2.7.1."	"Translog"		"CBS"	"English"	
"LWB09"	"Text9"	"Text A"	1	"Translation"		"Times New Roman"	18	"P14"	"U3"	01/26/2009	"Tobii1750"	"ClearView"	"2.7.1."	"Translog"		"CBS"	"English"	
"LWB09"	"Text10"	"Text B"	2	"Translation"		"Times New Roman"	18	"P14"	"U3"	01/26/2009	"Tobii1750"	"ClearView"	"2.7.1."	"Translog"		"CBS"	"English"	
"LWB09"	"Text11"	"NA"	3	"Translation"		"Times New Roman"	18	"P14"	"U3"	01/26/2009	"Tobii1750"	"ClearView"	"2.7.1."	"Translog"		"CBS"	"English"	
"LWB09"	"Text9"	"Text A"	1	"Translation"		"Times New Roman"	18	"P15"	"U12"	01/28/2009	"Tobii1750"	"ClearView"	"2.7.1."	"Translog"		"CBS"	"English"	
"LWB09"	"Text10"	"Text B"	2	"Translation"		"Times New Roman"	18	"P15"	"U12"	01/28/2009	"Tobii1750"	"ClearView"	"2.7.1."	"Translog"		"CBS"	"English"	
"LWB09"	"Text11"	"NA"	3	"Translation"		"Times New Roman"	18	"P15"	"U12"	01/28/2009	"Tobii1750"	"ClearView"	"2.7.1."	"Translog"		"CBS"	"English"	
"LWB09"	"Text9"	"Text A"	1	"Translation"		"Times New Roman"	18	"P16"	"U39"	04/22/2010	"Tobii1750"	"ClearView"	"2.7.1."	"Translog"		"CBS"	"English"	
"LWB09"	"Text10"	"Text B"	2	"Translation"		"Times New Roman"	18	"P16"	"U39"	04/22/2010	"Tobii1750"	"ClearView"	"2.7.1."	"Translog"		"CBS"	"English"	
"LWB09"	"Text9"	"Text A"	1	"Translation"		"Times New Roman"	18	"P17"	"U40"	03/25/2010	"Tobii1750"	"ClearView"	"2.7.1."	"Translog"		"CBS"	"English"	
"LWB09"	"Text10"	"Text B"	2	"Translation"		"Times New Roman"	18	"P17"	"U40"	03/25/2010	"Tobii1750"	"ClearView"	"2.7.1."	"Translog"		"CBS"	"English"	
"LWB09"	"Text9"	"Text A"	1	"Translation"		"Times New Roman"	18	"P18"	"U41"	05/05/2010	"Tobii1750"	"ClearView"	"2.7.1."	"Translog"		"CBS"	"English"	
"JLG10"	"Text13"	"D2"	2	"Translation"		"Arial"		1	"U42"	08/17/2010	"NA"	"NA"	"NA"	"Translog"	2006	"UFMG?"	"Portuguese"	
"JLG10"	"Text17"	"D6"	6	"Translation"		"Arial"		1	"U42"	11/28/2008	"NA"	"NA"	"NA"	"Translog"	2006	"UFMG?"	"Portuguese"	
"JLG10"	"Text15"	"I4"	4	"Translation"		"Arial"		1	"U42"	08/17/2010	"NA"	"NA"	"NA"	"Translog"	2006	"UFMG?"	"English"	
"JLG10"	"Text16"	"I5"	5	"Translation"		"Arial"		1	"U42"	11/28/2008	"NA"	"NA"	"NA"	"Translog"	2006	"UFMG?"	"English"	
"JLG10"	"Text12"	"D1"	1	"Translation"		"Arial"		3	"U43"	09/02/2010	"NA"	"NA"	"NA"	"Translog"	2006	"UFMG?"	"Portuguese"	
"JLG10"	"Text17"	"D6"	6	"Translation"		"Arial"		3	"U43"	09/03/2010	"NA"	"NA"	"NA"	"Translog"	2006	"UFMG?"	"Portuguese"	
"JLG10"	"Text14"	"I3"	3	"Translation"		"Arial"		3	"U43"	09/02/2010	"NA"	"NA"	"NA"	"Translog"	2006	"UFMG?"	"English"	
"JLG10"	"Text16"	"I5"	5	"Translation"		"Arial"		3	"U43"	09/03/2010	"NA"	"NA"	"NA"	"Translog"	2006	"UFMG?"	"English"	
"JLG10"	"Text13"	"D2"	2	"Translation"		"Arial"		6	"U44"	08/19/2010	"NA"	"NA"	"NA"	"Translog"	2006	"UFMG?"	"Portuguese"	
"JLG10"	"Text17"	"D6"	6	"Translation"		"Arial"		6	"U44"	12/04/2008	"NA"	"NA"	"NA"	"Translog"	2006	"UFMG?"	"Portuguese"	
"JLG10"	"Text15"	"I4"	4	"Translation"		"Arial"		6	"U44"	08/19/2010	"NA"	"NA"	"NA"	"Translog"	2006	"UFMG?"	"English"	
"JLG10"	"Text16"	"I5"	5	"Translation"		"Arial"		6	"U44"	12/04/2008	"NA"	"NA"	"NA"	"Translog"	2006	"UFMG?"	"English"	
"JLG10"	"Text13"	"D2"	2	"Translation"		"Arial"		7	"U45"	08/26/2010	"NA"	"NA"	"NA"	"Translog"	2006	"UFMG?"	"Portuguese"	
"JLG10"	"Text17"	"D6"	6	"Translation"		"Arial"		7	"U45"	12/11/2008	"NA"	"NA"	"NA"	"Translog"	2006	"UFMG?"	"Portuguese"	
"JLG10"	"Text15"	"I4"	4	"Translation"		"Arial"		7	"U45"	08/26/2010	"NA"	"NA"	"NA"	"Translog"	2006	"UFMG?"	"English"	
"JLG10"	"Text16"	"I5"	5	"Translation"		"Arial"		7	"U45"	12/11/2008	"NA"	"NA"	"NA"	"Translog"	2006	"UFMG?"	"English"	
"JLG10"	"Text12"	"D1"	1	"Translation"		"Arial"		8	"U46"	08/25/2010	"NA"	"NA"	"NA"	"Translog"	2006	"UFMG?"	"Portuguese"	
"JLG10"	"Text17"	"D6"	6	"Translation"		"Arial"		8	"U46"	06/01/2009	"NA"	"NA"	"NA"	"Translog"	2006	"UFMG?"	"Portuguese"	
"JLG10"	"Text14"	"I3"	3	"Translation"		"Arial"		8	"U46"	08/25/2010	"NA"	"NA"	"NA"	"Translog"	2006	"UFMG?"	"English"	
"JLG10"	"Text16"	"I5"	5	"Translation"		"Arial"		8	"U46"	05/08/2009	"NA"	"NA"	"NA"	"Translog"	2006	"UFMG?"	"English"	
"TPR11"	"Text1"		1	"Post-editing"		"Microsoft Sans Serif"		1	"U47"	08/15/2011						"CBS"	"German"	
"TPR11"	"Text3"		3	"Post-editing"		"Microsoft Sans Serif"		1	"U47"	08/15/2011						"CBS"	"German"	
"TPR11"	"Text1"		1	"Post-editing"		"Microsoft Sans Serif"		2	"U48"	08/15/2011						"CBS"	"German"	
"TPR11"	"Text1"		1	"Post-editing"		"Microsoft Sans Serif"		3	"U49"	08/15/2011						"CBS"	"German"	
"TPR11"	"Text3"		3	"Post-editing"		"Microsoft Sans Serif"		3	"U49"	08/15/2011						"CBS"	"German"	
"TPR11"	"Text1"		1	"Post-editing"		"Microsoft Sans Serif"		4	"U50"	08/15/2011						"CBS"	"German"	
"TPR11"	"Text3"		3	"Post-editing"		"Microsoft Sans Serif"		4	"U50"	08/15/2011						"CBS"	"German"	
"TPR11"	"Text1"		1	"Post-editing"		"Microsoft Sans Serif"		5	"U51"	08/15/2011						"CBS"	"German"	
"TPR11"	"Text3"		3	"Post-editing"		"Microsoft Sans Serif"		5	"U51"	08/15/2011						"CBS"	"German"	
"TPR11"	"Text1"		1	"Post-editing"		"Microsoft Sans Serif"		6	"U52"	08/15/2011						"CBS"	"Portuguese"	
"TPR11"	"Text3"		3	"Post-editing"		"Microsoft Sans Serif"		6	"U52"	08/15/2011						"CBS"	"Portuguese"	
"TPR11"	"Text1"		1	"Post-editing"		"Microsoft Sans Serif"		7	"U53"	08/15/2011						"CBS"	"Portuguese"	
"TPR11"	"Text3"		3	"Post-editing"		"Microsoft Sans Serif"		7	"U53"	08/15/2011						"CBS"	"Portuguese"	
"TPR11"	"Text1"		1	"Post-editing"		"Microsoft Sans Serif"		8	"U54"	08/15/2011						"CBS"	"Portuguese"	
"TPR11"	"Text3"		3	"Post-editing"		"Microsoft Sans Serif"		8	"U54"	08/15/2011						"CBS"	"Portuguese"	
"TPR11"	"Text1"		1	"Post-editing"		"Microsoft Sans Serif"		9	"U55"	08/15/2011						"CBS"	"Portuguese"	
"TPR11"	"Text3"		3	"Post-editing"		"Microsoft Sans Serif"		9	"U55"	08/15/2011						"CBS"	"Portuguese"	
"TPR11"	"Text1"		1	"Post-editing"		"Microsoft Sans Serif"		10	"U56"	08/15/2011						"CBS"	"Portuguese"	
"TPR11"	"Text3"		3	"Post-editing"		"Microsoft Sans Serif"		10	"U56"	08/15/2011						"CBS"	"Portuguese"	
"BML12"	"Text18"		5	"Editing"	"ST not visible"	"Tahoma"		"P01"	"U57"	03/27/2012	"TobiiT120"	"TranslogII"		"TranslogII"		"UAB"	"Spanish"	
"BML12"	"Text19"		6	"Editing"	"ST not visible"	"Tahoma"		"P01"	"U57"	03/27/2012							"Spanish"	
"BML12"	"Text3"		3	"Post-editing"		"Tahoma"		"P01"	"U57"	03/27/2012							"Spanish"	
"BML12"	"Text8"		4	"Post-editing"		"Tahoma"		"P01"	"U57"	03/27/2012							"Spanish"	
"BML12"	"Text1"		1	"Translation"		"Tahoma"		"P01"	"U57"	03/27/2012							"Spanish"	
"BML12"	"Text2"		2	"Translation"		"Tahoma"		"P01"	"U57"	03/27/2012							"Spanish"	
"BML12"	"Text1"		1	"Editing"	"ST not visible"	"Tahoma"		"P02"	"U58"	03/28/2012							"Spanish"	
"BML12"	"Text2"		2	"Editing"	"ST not visible"	"Tahoma"		"P02"	"U58"	03/28/2012							"Spanish"	
"BML12"	"Text18"		5	"Post-editing"		"Tahoma"		"P02"	"U58"	03/28/2012							"Spanish"	
"BML12"	"Text19"		6	"Post-editing"		"Tahoma"		"P02"	"U58"	03/28/2012							"Spanish"	
"BML12"	"Text3"		3	"Translation"		"Tahoma"		"P02"	"U58"	03/28/2012							"Spanish"	
"BML12"	"Text8"		4	"Translation"		"Tahoma"		"P02"	"U59"	03/28/2012							"Spanish"	
"BML12"	"Text3"		3	"Editing"	"ST not visible"	"Tahoma"		"P03"	"U59"	03/28/2012							"Spanish"	
"BML12"	"Text8"		4	"Editing"	"ST not visible"	"Tahoma"		"P03"	"U59"	03/28/2012							"Spanish"	
"BML12"	"Text1"		1	"Post-editing"		"Tahoma"		"P03"	"U59"	03/28/2012							"Spanish"	
"BML12"	"Text2"		2	"Post-editing"		"Tahoma"		"P03"	"U59"	03/28/2012							"Spanish"	
"BML12"	"Text18"		5	"Translation"		"Tahoma"		"P03"	"U59"	03/28/2012							"Spanish"	
"BML12"	"Text19"		6	"Translation"		"Tahoma"		"P03"	"U59"	03/28/2012							"Spanish"	
"BML12"	"Text18"		5	"Editing"	"ST not visible"	"Tahoma"		"P04"	"U60"	03/28/2012							"Spanish"	
"BML12"	"Text19"		6	"Editing"	"ST not visible"	"Tahoma"		"P04"	"U60"	03/28/2012							"Spanish"	
"BML12"	"Text3"		3	"Post-editing"		"Tahoma"		"P04"	"U60"	03/28/2012							"Spanish"	
"BML12"	"Text8"		4	"Post-editing"		"Tahoma"		"P04"	"U60"	03/28/2012							"Spanish"	
"BML12"	"Text1"		1	"Translation"		"Tahoma"		"P04"	"U60"	03/28/2012							"Spanish"	
"BML12"	"Text2"		2	"Translation"		"Tahoma"		"P04"	"U60"	03/28/2012							"Spanish"	
"BML12"	"Text1"		1	"Editing"	"ST not visible"	"Tahoma"		"P05"	"U61"	03/30/2012							"Spanish"	
"BML12"	"Text2"		2	"Editing"	"ST not visible"	"Tahoma"		"P05"	"U61"	03/30/2012							"Spanish"	
"BML12"	"Text18"		5	"Post-editing"		"Tahoma"		"P05"	"U61"	03/30/2012							"Spanish"	
"BML12"	"Text19"		6	"Post-editing"		"Tahoma"		"P05"	"U61"	03/30/2012							"Spanish"	
"BML12"	"Text3"		3	"Translation"		"Tahoma"		"P05"	"U61"	03/30/2012							"Spanish"	
"BML12"	"Text8"		4	"Translation"		"Tahoma"		"P05"	"U61"	03/30/2012							"Spanish"	
"BML12"	"Text3"		3	"Editing"	"ST not visible"	"Tahoma"		"P06"	"U62"	03/30/2012							"Spanish"	
"BML12"	"Text8"		4	"Editing"	"ST not visible"	"Tahoma"		"P06"	"U62"	03/30/2012							"Spanish"	
"BML12"	"Text1"		1	"Post-editing"		"Tahoma"		"P06"	"U62"	03/30/2012							"Spanish"	
"BML12"	"Text2"		2	"Post-editing"		"Tahoma"		"P06"	"U62"	03/30/2012							"Spanish"	
"BML12"	"Text18"		5	"Translation"		"Tahoma"		"P06"	"U62"	03/30/2012							"Spanish"	
"BML12"	"Text19"		6	"Translation"		"Tahoma"		"P06"	"U62"	03/30/2012							"Spanish"	
"BML12"	"Text18"		5	"Editing"	"ST not visible"	"Tahoma"		"P07"	"U63"	03/30/2012							"Spanish"	
"BML12"	"Text19"		6	"Editing"	"ST not visible"	"Tahoma"		"P07"	"U63"	03/30/2012							"Spanish"	
"BML12"	"Text2"		2	"Post-editing"		"Tahoma"		"P07"	"U63"	03/30/2012							"Spanish"	
"BML12"	"Text8"		4	"Post-editing"		"Tahoma"		"P07"	"U63"	03/30/2012							"Spanish"	
"BML12"	"Text1"		1	"Translation"		"Tahoma"		"P07"	"U63"	03/30/2012							"Spanish"	
"BML12"	"Text3"		3	"Translation"		"Tahoma"		"P07"	"U63"	03/30/2012							"Spanish"	
"BML12"	"Text1"		1	"Editing"	"ST not visible"	"Tahoma"		"P08"	"U64"	04/02/2012							"Spanish"	
"BML12"	"Text2"		2	"Editing"	"ST not visible"	"Tahoma"		"P08"	"U64"	04/02/2012							"Spanish"	
"BML12"	"Text8"		4	"Post-editing"		"Tahoma"		"P08"	"U64"	04/02/2012							"Spanish"	
"BML12"	"Text19"		6	"Post-editing"		"Tahoma"		"P08"	"U64"	04/02/2012							"Spanish"	
"BML12"	"Text3"		3	"Translation"		"Tahoma"		"P08"	"U64"	04/02/2012							"Spanish"	
"BML12"	"Text18"		5	"Translation"		"Tahoma"		"P08"	"U64"	04/02/2012							"Spanish"	
"BML12"	"Text3"		3	"Editing"	"ST not visible"	"Tahoma"		"P09"	"U65"	04/04/2012							"Spanish"	
"BML12"	"Text8"		4	"Editing"	"ST not visible"	"Tahoma"		"P09"	"U65"	04/04/2012							"Spanish"	
"BML12"	"Text2"		2	"Post-editing"		"Tahoma"		"P09"	"U65"	04/04/2012							"Spanish"	
"BML12"	"Text19"		6	"Post-editing"		"Tahoma"		"P09"	"U65"	04/04/2012							"Spanish"	
"BML12"	"Text2"		2	"Translation"		"Tahoma"		"P09"	"U65"	04/04/2012							"Spanish"	
"BML12"	"Text18"		5	"Translation"		"Tahoma"		"P09"	"U65"	04/04/2012							"Spanish"	
"BML12"	"Text18"		5	"Editing"	"ST not visible"	"Tahoma"		"P10"	"U66"	04/05/2012							"Spanish"	
"BML12"	"Text19"		6	"Editing"	"ST not visible"	"Tahoma"		"P10"	"U66"	04/05/2012							"Spanish"	
"BML12"	"Text1"		1	"Post-editing"		"Tahoma"		"P10"	"U66"	04/05/2012							"Spanish"	
"BML12"	"Text3"		3	"Post-editing"		"Tahoma"		"P10"	"U66"	04/05/2012							"Spanish"	
"BML12"	"Text2"		2	"Translation"		"Tahoma"		"P10"	"U66"	04/05/2012							"Spanish"	
"BML12"	"Text8"		4	"Translation"		"Tahoma"		"P10"	"U66"	04/05/2012							"Spanish"	
"NJ12"	"Text1"		1	"Translation"	"NA"	"Tahoma"		"Participant01"	"U67"	03/05/2012	"Tobii T120"	"TranslogII"	"Release165"	"TranslogII"	"Release165"	"CDAC-Noida"	"Hindi"	
"NJ12"	"Text2"		2	"Translation"	"NA"	"Tahoma"		"Participant01"	"U67"	03/05/2012	"Tobii T120"	"TranslogII"	"Release165"	"TranslogII"	"Release165"	"CDAC-Noida"	"Hindi"	
"NJ12"	"Text3"		3	"Post-editing"	"Google"	"Tahoma"		"Participant01"	"U67"	03/05/2012	"Tobii T120"	"TranslogII"	"Release165"	"TranslogII"	"Release165"	"CDAC-Noida"		
"NJ12"	"Text8"		4	"Post-editing"	"Google"	"Tahoma"		"Participant01"	"U67"	03/05/2012	"Tobii T120"	"TranslogII"	"Release165"	"TranslogII"	"Release165"	"CDAC-Noida"		
"NJ12"	"Text18"		5	"Post-editing"	"AnglaBharati"	"Tahoma"		"Participant01"	"U67"	03/05/2012	"Tobii T120"	"TranslogII"	"Release165"	"TranslogII"	"Release165"	"CDAC-Noida"		
"NJ12"	"Text19"		6	"Post-editing"	"AnglaBharati"	"Tahoma"		"Participant01"	"U67"	03/05/2012	"Tobii T120"	"TranslogII"	"Release165"	"TranslogII"	"Release165"	"CDAC-Noida"		
"NJ12"	"Text3"		3	"Translation"	"NA"	"Tahoma"		"Participant02"	"U68"	03/05/2012	"Tobii T120"	"TranslogII"	"Release165"	"TranslogII"	"Release165"	"CDAC-Noida"	"Hindi"	
"NJ12"	"Text8"		4	"Translation"	"NA"	"Tahoma"		"Participant02"	"U68"	03/05/2012	"Tobii T120"	"TranslogII"	"Release165"	"TranslogII"	"Release165"	"CDAC-Noida"	"Hindi"	
"NJ12"	"Text18"		5	"Post-editing"	"Google"	"Tahoma"		"Participant02"	"U68"	03/05/2012	"Tobii T120"	"TranslogII"	"Release165"	"TranslogII"	"Release165"	"CDAC-Noida"		
"NJ12"	"Text19"		6	"Post-editing"	"Google"	"Tahoma"		"Participant02"	"U68"	03/05/2012	"Tobii T120"	"TranslogII"	"Release165"	"TranslogII"	"Release165"	"CDAC-Noida"		
"NJ12"	"Text1"		1	"Post-editing"	"AnglaBharati"	"Tahoma"		"Participant02"	"U68"	03/05/2012	"Tobii T120"	"TranslogII"	"Release165"	"TranslogII"	"Release165"	"CDAC-Noida"		
"NJ12"	"Text2"		2	"Post-editing"	"AnglaBharati"	"Tahoma"		"Participant02"	"U68"	03/05/2012	"Tobii T120"	"TranslogII"	"Release165"	"TranslogII"	"Release165"	"CDAC-Noida"		
"NJ12"	"Text18"		5	"Translation"	"NA"	"Tahoma"		"Participant03"	"U69"	03/05/2012	"Tobii T120"	"TranslogII"	"Release165"	"TranslogII"	"Release165"	"CDAC-Noida"	"Hindi"	
"NJ12"	"Text19"		6	"Translation"	"NA"	"Tahoma"		"Participant03"	"U69"	03/05/2012	"Tobii T120"	"TranslogII"	"Release165"	"TranslogII"	"Release165"	"CDAC-Noida"	"Hindi"	
"NJ12"	"Text1"		1	"Post-editing"	"Google"	"Tahoma"		"Participant03"	"U69"	03/05/2012	"Tobii T120"	"TranslogII"	"Release165"	"TranslogII"	"Release165"	"CDAC-Noida"		
"NJ12"	"Text2"		2	"Post-editing"	"Google"	"Tahoma"		"Participant03"	"U69"	03/05/2012	"Tobii T120"	"TranslogII"	"Release165"	"TranslogII"	"Release165"	"CDAC-Noida"		
"NJ12"	"Text3"		3	"Post-editing"	"AnglaBharati"	"Tahoma"		"Participant03"	"U69"	03/05/2012	"Tobii T120"	"TranslogII"	"Release165"	"TranslogII"	"Release165"	"CDAC-Noida"		
"NJ12"	"Text8"		4	"Post-editing"	"AnglaBharati"	"Tahoma"		"Participant03"	"U69"	03/05/2012	"Tobii T120"	"TranslogII"	"Release165"	"TranslogII"	"Release165"	"CDAC-Noida"		
"NJ12"	"Text2"		2	"Translation"	"NA"	"Tahoma"		"Participant04"	"U70"	03/06/2012	"Tobii T120"	"TranslogII"	"Release165"	"TranslogII"	"Release165"	"CDAC-Noida"	"Hindi"	
"NJ12"	"Text1"		1	"Translation"	"NA"	"Tahoma"		"Participant04"	"U70"	03/06/2012	"Tobii T120"	"TranslogII"	"Release165"	"TranslogII"	"Release165"	"CDAC-Noida"	"Hindi"	
"NJ12"	"Text8"		4	"Post-editing"	"Google"	"Tahoma"		"Participant04"	"U70"	03/06/2012	"Tobii T120"	"TranslogII"	"Release165"	"TranslogII"	"Release165"	"CDAC-Noida"		
"NJ12"	"Text3"		3	"Post-editing"	"Google"	"Tahoma"		"Participant04"	"U70"	03/06/2012	"Tobii T120"	"TranslogII"	"Release165"	"TranslogII"	"Release165"	"CDAC-Noida"		
"NJ12"	"Text19"		6	"Post-editing"	"AnglaBharati"	"Tahoma"		"Participant04"	"U70"	03/06/2012	"Tobii T120"	"TranslogII"	"Release165"	"TranslogII"	"Release165"	"CDAC-Noida"		
"NJ12"	"Text18"		5	"Post-editing"	"AnglaBharati"	"Tahoma"		"Participant04"	"U70"	03/06/2012	"Tobii T120"	"TranslogII"	"Release165"	"TranslogII"	"Release165"	"CDAC-Noida"		
"NJ12"	"Text8"		4	"Translation"	"NA"	"Tahoma"		"Participant05"	"U71"	03/06/2012	"Tobii T120"	"TranslogII"	"Release165"	"TranslogII"	"Release165"	"CDAC-Noida"	"Hindi"	
"NJ12"	"Text3"		3	"Translation"	"NA"	"Tahoma"		"Participant05"	"U71"	03/06/2012	"Tobii T120"	"TranslogII"	"Release165"	"TranslogII"	"Release165"	"CDAC-Noida"	"Hindi"	
"NJ12"	"Text19"		6	"Post-editing"	"Google"	"Tahoma"		"Participant05"	"U71"	03/06/2012	"Tobii T120"	"TranslogII"	"Release165"	"TranslogII"	"Release165"	"CDAC-Noida"		
"NJ12"	"Text18"		5	"Post-editing"	"Google"	"Tahoma"		"Participant05"	"U71"	03/06/2012	"Tobii T120"	"TranslogII"	"Release165"	"TranslogII"	"Release165"	"CDAC-Noida"		
"NJ12"	"Text2"		2	"Post-editing"	"AnglaBharati"	"Tahoma"		"Participant05"	"U71"	03/06/2012	"Tobii T120"	"TranslogII"	"Release165"	"TranslogII"	"Release165"	"CDAC-Noida"		
"NJ12"	"Text1"		1	"Post-editing"	"AnglaBharati"	"Tahoma"		"Participant05"	"U71"	03/06/2012	"Tobii T120"	"TranslogII"	"Release165"	"TranslogII"	"Release165"	"CDAC-Noida"		
"NJ12"	"Text19"		6	"Translation"	"NA"	"Tahoma"		"Participant06"	"U72"	03/06/2012	"Tobii T120"	"TranslogII"	"Release165"	"TranslogII"	"Release165"	"CDAC-Noida"	"Hindi"	
"NJ12"	"Text18"		5	"Translation"	"NA"	"Tahoma"		"Participant06"	"U72"	03/06/2012	"Tobii T120"	"TranslogII"	"Release165"	"TranslogII"	"Release165"	"CDAC-Noida"	"Hindi"	
"NJ12"	"Text2"		2	"Post-editing"	"Google"	"Tahoma"		"Participant06"	"U72"	03/06/2012	"Tobii T120"	"TranslogII"	"Release165"	"TranslogII"	"Release165"	"CDAC-Noida"		
"NJ12"	"Text1"		1	"Post-editing"	"Google"	"Tahoma"		"Participant06"	"U72"	03/06/2012	"Tobii T120"	"TranslogII"	"Release165"	"TranslogII"	"Release165"	"CDAC-Noida"		
"NJ12"	"Text8"		4	"Post-editing"	"AnglaBharati"	"Tahoma"		"Participant06"	"U72"	03/06/2012	"Tobii T120"	"TranslogII"	"Release165"	"TranslogII"	"Release165"	"CDAC-Noida"		
"NJ12"	"Text3"		3	"Post-editing"	"AnglaBharati"	"Tahoma"		"Participant06"	"U72"	03/06/2012	"Tobii T120"	"TranslogII"	"Release165"	"TranslogII"	"Release165"	"CDAC-Noida"		
"NJ12"	"Text1"		1	"Translation"	"NA"	"Tahoma"		"Participant07"	"U73"	03/07/2012	"Tobii T120"	"TranslogII"	"Release165"	"TranslogII"	"Release165"	"CDAC-Noida"	"Hindi"	
"NJ12"	"Text3"		3	"Translation"	"NA"	"Tahoma"		"Participant07"	"U73"	03/07/2012	"Tobii T120"	"TranslogII"	"Release165"	"TranslogII"	"Release165"	"CDAC-Noida"	"Hindi"	
"NJ12"	"Text2"		2	"Post-editing"	"Google"	"Tahoma"		"Participant07"	"U73"	03/07/2012	"Tobii T120"	"TranslogII"	"Release165"	"TranslogII"	"Release165"	"CDAC-Noida"		
"NJ12"	"Text8"		4	"Post-editing"	"Google"	"Tahoma"		"Participant07"	"U73"	03/07/2012	"Tobii T120"	"TranslogII"	"Release165"	"TranslogII"	"Release165"	"CDAC-Noida"		
"NJ12"	"Text18"		5	"Post-editing"	"AnglaBharati"	"Tahoma"		"Participant07"	"U73"	03/07/2012	"Tobii T120"	"TranslogII"	"Release165"	"TranslogII"	"Release165"	"CDAC-Noida"		
"NJ12"	"Text19"		6	"Post-editing"	"AnglaBharati"	"Tahoma"		"Participant07"	"U73"	03/07/2012	"Tobii T120"	"TranslogII"	"Release165"	"TranslogII"	"Release165"	"CDAC-Noida"		
"NJ12"	"Text3"		3	"Translation"	"NA"	"Tahoma"		"Participant08"	"U74"	03/07/2012	"Tobii T120"	"TranslogII"	"Release165"	"TranslogII"	"Release165"	"CDAC-Noida"	"Hindi"	
"NJ12"	"Text18"		5	"Translation"	"NA"	"Tahoma"		"Participant08"	"U74"	03/07/2012	"Tobii T120"	"TranslogII"	"Release165"	"TranslogII"	"Release165"	"CDAC-Noida"	"Hindi"	
"NJ12"	"Text8"		4	"Post-editing"	"Google"	"Tahoma"		"Participant08"	"U74"	03/07/2012	"Tobii T120"	"TranslogII"	"Release165"	"TranslogII"	"Release165"	"CDAC-Noida"		
"NJ12"	"Text19"		6	"Post-editing"	"Google"	"Tahoma"		"Participant08"	"U74"	03/07/2012	"Tobii T120"	"TranslogII"	"Release165"	"TranslogII"	"Release165"	"CDAC-Noida"		
"NJ12"	"Text1"		1	"Post-editing"	"AnglaBharati"	"Tahoma"		"Participant08"	"U74"	03/07/2012	"Tobii T120"	"TranslogII"	"Release165"	"TranslogII"	"Release165"	"CDAC-Noida"		
"NJ12"	"Text2"		2	"Post-editing"	"AnglaBharati"	"Tahoma"		"Participant08"	"U74"	03/07/2012	"Tobii T120"	"TranslogII"	"Release165"	"TranslogII"	"Release165"	"CDAC-Noida"		
"NJ12"	"Text18"		5	"Translation"	"NA"	"Tahoma"		"Participant09"	"U75"	03/09/2012	"Tobii T120"	"TranslogII"	"Release165"	"TranslogII"	"Release165"	"CDAC-Noida"	"Hindi"	
"NJ12"	"Text1"		1	"Translation"	"NA"	"Tahoma"		"Participant09"	"U75"	03/09/2012	"Tobii T120"	"TranslogII"	"Release165"	"TranslogII"	"Release165"	"CDAC-Noida"	"Hindi"	
"NJ12"	"Text19"		6	"Post-editing"	"Google"	"Tahoma"		"Participant09"	"U75"	03/09/2012	"Tobii T120"	"TranslogII"	"Release165"	"TranslogII"	"Release165"	"CDAC-Noida"		
"NJ12"	"Text2"		2	"Post-editing"	"Google"	"Tahoma"		"Participant09"	"U75"	03/09/2012	"Tobii T120"	"TranslogII"	"Release165"	"TranslogII"	"Release165"	"CDAC-Noida"		
"NJ12"	"Text3"		3	"Post-editing"	"AnglaBharati"	"Tahoma"		"Participant09"	"U75"	03/09/2012	"Tobii T120"	"TranslogII"	"Release165"	"TranslogII"	"Release165"	"CDAC-Noida"		
"NJ12"	"Text8"		4	"Post-editing"	"AnglaBharati"	"Tahoma"		"Participant09"	"U75"	03/09/2012	"Tobii T120"	"TranslogII"	"Release165"	"TranslogII"	"Release165"	"CDAC-Noida"		
"NJ12"	"Text2"		2	"Translation"	"NA"	"Tahoma"		"Participant10"	"U76"	03/09/2012	"Tobii T120"	"TranslogII"	"Release165"	"TranslogII"	"Release165"	"CDAC-Noida"	"Hindi"	
"NJ12"	"Text8"		4	"Translation"	"NA"	"Tahoma"		"Participant10"	"U76"	03/09/2012	"Tobii T120"	"TranslogII"	"Release165"	"TranslogII"	"Release165"	"CDAC-Noida"	"Hindi"	
"NJ12"	"Text1"		1	"Post-editing"	"Google"	"Tahoma"		"Participant10"	"U76"	03/09/2012	"Tobii T120"	"TranslogII"	"Release165"	"TranslogII"	"Release165"	"CDAC-Noida"		
"NJ12"	"Text3"		3	"Post-editing"	"Google"	"Tahoma"		"Participant10"	"U76"	03/09/2012	"Tobii T120"	"TranslogII"	"Release165"	"TranslogII"	"Release165"	"CDAC-Noida"		
"NJ12"	"Text19"		6	"Post-editing"	"AnglaBharati"	"Tahoma"		"Participant10"	"U76"	03/09/2012	"Tobii T120"	"TranslogII"	"Release165"	"TranslogII"	"Release165"	"CDAC-Noida"		
"NJ12"	"Text18"		5	"Post-editing"	"AnglaBharati"	"Tahoma"		"Participant10"	"U76"	03/09/2012	"Tobii T120"	"TranslogII"	"Release165"	"TranslogII"	"Release165"	"CDAC-Noida"		
"NJ12"	"Text8"		4	"Translation"	"NA"	"Tahoma"		"Participant11"	"U77"	03/10/2012	"Tobii T120"	"TranslogII"	"Release165"	"TranslogII"	"Release165"	"CDAC-Noida"	"Hindi"	
"NJ12"	"Text19"		6	"Translation"	"NA"	"Tahoma"		"Participant11"	"U77"	03/10/2012	"Tobii T120"	"TranslogII"	"Release165"	"TranslogII"	"Release165"	"CDAC-Noida"	"Hindi"	
"NJ12"	"Text3"		3	"Post-editing"	"Google"	"Tahoma"		"Participant11"	"U77"	03/10/2012	"Tobii T120"	"TranslogII"	"Release165"	"TranslogII"	"Release165"	"CDAC-Noida"		
"NJ12"	"Text18"		5	"Post-editing"	"Google"	"Tahoma"		"Participant11"	"U77"	03/10/2012	"Tobii T120"	"TranslogII"	"Release165"	"TranslogII"	"Release165"	"CDAC-Noida"		
"NJ12"	"Text2"		2	"Post-editing"	"AnglaBharati"	"Tahoma"		"Participant11"	"U77"	03/10/2012	"Tobii T120"	"TranslogII"	"Release165"	"TranslogII"	"Release165"	"CDAC-Noida"		
"NJ12"	"Text1"		1	"Post-editing"	"AnglaBharati"	"Tahoma"		"Participant11"	"U77"	03/10/2012	"Tobii T120"	"TranslogII"	"Release165"	"TranslogII"	"Release165"	"CDAC-Noida"		
"NJ12"	"Text19"		6	"Translation"	"NA"	"Tahoma"		"Participant12"	"U78"	03/10/2012	"Tobii T120"	"TranslogII"	"Release165"	"TranslogII"	"Release165"	"CDAC-Noida"	"Hindi"	
"NJ12"	"Text2"		2	"Translation"	"NA"	"Tahoma"		"Participant12"	"U78"	03/10/2012	"Tobii T120"	"TranslogII"	"Release165"	"TranslogII"	"Release165"	"CDAC-Noida"	"Hindi"	
"NJ12"	"Text18"		5	"Post-editing"	"Google"	"Tahoma"		"Participant12"	"U78"	03/10/2012	"Tobii T120"	"TranslogII"	"Release165"	"TranslogII"	"Release165"	"CDAC-Noida"		
"NJ12"	"Text1"		1	"Post-editing"	"Google"	"Tahoma"		"Participant12"	"U78"	03/10/2012	"Tobii T120"	"TranslogII"	"Release165"	"TranslogII"	"Release165"	"CDAC-Noida"		
"NJ12"	"Text8"		4	"Post-editing"	"AnglaBharati"	"Tahoma"		"Participant12"	"U78"	03/10/2012	"Tobii T120"	"TranslogII"	"Release165"	"TranslogII"	"Release165"	"CDAC-Noida"		
"NJ12"	"Text3"		3	"Post-editing"	"AnglaBharati"	"Tahoma"		"Participant12"	"U78"	03/10/2012	"Tobii T120"	"TranslogII"	"Release165"	"TranslogII"	"Release165"	"CDAC-Noida"		
"NJ12"	"Text1"		1	"Translation"	"NA"	"Tahoma"		"Participant13"	"U79"	03/11/2012	"Tobii T120"	"TranslogII"	"Release165"	"TranslogII"	"Release165"	"CDAC-Noida"	"Hindi"	
"NJ12"	"Text3"		3	"Translation"	"NA"	"Tahoma"		"Participant13"	"U79"	03/11/2012	"Tobii T120"	"TranslogII"	"Release165"	"TranslogII"	"Release165"	"CDAC-Noida"	"Hindi"	
"NJ12"	"Text2"		2	"Post-editing"	"Google"	"Tahoma"		"Participant13"	"U79"	03/11/2012	"Tobii T120"	"TranslogII"	"Release165"	"TranslogII"	"Release165"	"CDAC-Noida"		
"NJ12"	"Text18"		5	"Post-editing"	"Google"	"Tahoma"		"Participant13"	"U79"	03/11/2012	"Tobii T120"	"TranslogII"	"Release165"	"TranslogII"	"Release165"	"CDAC-Noida"		
"NJ12"	"Text8"		4	"Post-editing"	"AnglaBharati"	"Tahoma"		"Participant13"	"U79"	03/11/2012	"Tobii T120"	"TranslogII"	"Release165"	"TranslogII"	"Release165"	"CDAC-Noida"		
"NJ12"	"Text19"		6	"Post-editing"	"AnglaBharati"	"Tahoma"		"Participant13"	"U79"	03/11/2012	"Tobii T120"	"TranslogII"	"Release165"	"TranslogII"	"Release165"	"CDAC-Noida"		
"NJ12"	"Text3"		3	"Translation"	"NA"	"Tahoma"		"Participant14"	"U80"	03/11/2012	"Tobii T120"	"TranslogII"	"Release165"	"TranslogII"	"Release165"	"CDAC-Noida"	"Hindi"	
"NJ12"	"Text18"		5	"Translation"	"NA"	"Tahoma"		"Participant14"	"U80"	03/11/2012	"Tobii T120"	"TranslogII"	"Release165"	"TranslogII"	"Release165"	"CDAC-Noida"	"Hindi"	
"NJ12"	"Text8"		4	"Post-editing"	"Google"	"Tahoma"		"Participant14"	"U80"	03/11/2012	"Tobii T120"	"TranslogII"	"Release165"	"TranslogII"	"Release165"	"CDAC-Noida"		
"NJ12"	"Text1"		1	"Post-editing"	"Google"	"Tahoma"		"Participant14"	"U80"	03/11/2012	"Tobii T120"	"TranslogII"	"Release165"	"TranslogII"	"Release165"	"CDAC-Noida"		
"NJ12"	"Text19"		6	"Post-editing"	"AnglaBharati"	"Tahoma"		"Participant14"	"U80"	03/11/2012	"Tobii T120"	"TranslogII"	"Release165"	"TranslogII"	"Release165"	"CDAC-Noida"		
"NJ12"	"Text2"		2	"Post-editing"	"AnglaBharati"	"Tahoma"		"Participant14"	"U80"	03/11/2012	"Tobii T120"	"TranslogII"	"Release165"	"TranslogII"	"Release165"	"CDAC-Noida"		
"NJ12"	"Text18"		5	"Translation"	"NA"	"Tahoma"		"Participant15"	"U81"	03/11/2012	"Tobii T120"	"TranslogII"	"Release165"	"TranslogII"	"Release165"	"CDAC-Noida"	"Hindi"	
"NJ12"	"Text1"		1	"Translation"	"NA"	"Tahoma"		"Participant15"	"U81"	03/11/2012	"Tobii T120"	"TranslogII"	"Release165"	"TranslogII"	"Release165"	"CDAC-Noida"	"Hindi"	
"NJ12"	"Text19"		6	"Post-editing"	"Google"	"Tahoma"		"Participant15"	"U81"	03/11/2012	"Tobii T120"	"TranslogII"	"Release165"	"TranslogII"	"Release165"	"CDAC-Noida"		
"NJ12"	"Text3"		3	"Post-editing"	"Google"	"Tahoma"		"Participant15"	"U81"	03/11/2012	"Tobii T120"	"TranslogII"	"Release165"	"TranslogII"	"Release165"	"CDAC-Noida"		
"NJ12"	"Text2"		2	"Post-editing"	"AnglaBharati"	"Tahoma"		"Participant15"	"U81"	03/11/2012	"Tobii T120"	"TranslogII"	"Release165"	"TranslogII"	"Release165"	"CDAC-Noida"		
"NJ12"	"Text8"		4	"Post-editing"	"AnglaBharati"	"Tahoma"		"Participant15"	"U81"	03/11/2012	"Tobii T120"	"TranslogII"	"Release165"	"TranslogII"	"Release165"	"CDAC-Noida"		
"NJ12"	"Text2"		2	"Translation"	"NA"	"Tahoma"		"Participant16"	"U82"	03/12/2012	"Tobii T120"	"TranslogII"	"Release165"	"TranslogII"	"Release165"	"CDAC-Noida"	"Hindi"	
"NJ12"	"Text8"		4	"Translation"	"NA"	"Tahoma"		"Participant16"	"U82"	03/12/2012	"Tobii T120"	"TranslogII"	"Release165"	"TranslogII"	"Release165"	"CDAC-Noida"	"Hindi"	
"NJ12"	"Text1"		1	"Post-editing"	"Google"	"Tahoma"		"Participant16"	"U82"	03/12/2012	"Tobii T120"	"TranslogII"	"Release165"	"TranslogII"	"Release165"	"CDAC-Noida"		
"NJ12"	"Text19"		6	"Post-editing"	"Google"	"Tahoma"		"Participant16"	"U82"	03/12/2012	"Tobii T120"	"TranslogII"	"Release165"	"TranslogII"	"Release165"	"CDAC-Noida"		
"NJ12"	"Text3"		3	"Post-editing"	"AnglaBharati"	"Tahoma"		"Participant16"	"U82"	03/12/2012	"Tobii T120"	"TranslogII"	"Release165"	"TranslogII"	"Release165"	"CDAC-Noida"		
"NJ12"	"Text18"		5	"Post-editing"	"AnglaBharati"	"Tahoma"		"Participant16"	"U82"	03/12/2012	"Tobii T120"	"TranslogII"	"Release165"	"TranslogII"	"Release165"	"CDAC-Noida"		
"NJ12"	"Text8"		4	"Translation"	"NA"	"Tahoma"		"Participant17"	"U83"	03/13/2012	"Tobii T120"	"TranslogII"	"Release165"	"TranslogII"	"Release165"	"CDAC-Noida"	"Hindi"	
"NJ12"	"Text19"		6	"Translation"	"NA"	"Tahoma"		"Participant17"	"U83"	03/13/2012	"Tobii T120"	"TranslogII"	"Release165"	"TranslogII"	"Release165"	"CDAC-Noida"	"Hindi"	
"NJ12"	"Text3"		3	"Post-editing"	"Google"	"Tahoma"		"Participant17"	"U83"	03/13/2012	"Tobii T120"	"TranslogII"	"Release165"	"TranslogII"	"Release165"	"CDAC-Noida"		
"NJ12"	"Text2"		2	"Post-editing"	"Google"	"Tahoma"		"Participant17"	"U83"	03/13/2012	"Tobii T120"	"TranslogII"	"Release165"	"TranslogII"	"Release165"	"CDAC-Noida"		
"NJ12"	"Text18"		5	"Post-editing"	"AnglaBharati"	"Tahoma"		"Participant17"	"U83"	03/13/2012	"Tobii T120"	"TranslogII"	"Release165"	"TranslogII"	"Release165"	"CDAC-Noida"		
"NJ12"	"Text1"		1	"Post-editing"	"AnglaBharati"	"Tahoma"		"Participant17"	"U83"	03/13/2012	"Tobii T120"	"TranslogII"	"Release165"	"TranslogII"	"Release165"	"CDAC-Noida"		
"NJ12"	"Text19"		6	"Translation"	"NA"	"Tahoma"		"Participant18"	"U84"	03/13/2012	"Tobii T120"	"TranslogII"	"Release165"	"TranslogII"	"Release165"	"CDAC-Noida"	"Hindi"	
"NJ12"	"Text2"		2	"Translation"	"NA"	"Tahoma"		"Participant18"	"U84"	03/13/2012	"Tobii T120"	"TranslogII"	"Release165"	"TranslogII"	"Release165"	"CDAC-Noida"	"Hindi"	
"NJ12"	"Text18"		5	"Post-editing"	"Google"	"Tahoma"		"Participant18"	"U84"	03/13/2012	"Tobii T120"	"TranslogII"	"Release165"	"TranslogII"	"Release165"	"CDAC-Noida"		
"NJ12"	"Text8"		4	"Post-editing"	"Google"	"Tahoma"		"Participant18"	"U84"	03/13/2012	"Tobii T120"	"TranslogII"	"Release165"	"TranslogII"	"Release165"	"CDAC-Noida"		
"NJ12"	"Text1"		1	"Post-editing"	"AnglaBharati"	"Tahoma"		"Participant18"	"U84"	03/13/2012	"Tobii T120"	"TranslogII"	"Release165"	"TranslogII"	"Release165"	"CDAC-Noida"		
"NJ12"	"Text3"		3	"Post-editing"	"AnglaBharati"	"Tahoma"		"Participant18"	"U84"	03/13/2012	"Tobii T120"	"TranslogII"	"Release165"	"TranslogII"	"Release165"	"CDAC-Noida"		
"NJ12"	"Text19"		6	"Translation"	"NA"	"Tahoma"		"Participant19"	"U85"	03/14/2012	"Tobii T120"	"TranslogII"	"Release165"	"TranslogII"	"Release165"	"CDAC-Noida"	"Hindi"	
"NJ12"	"Text3"		3	"Translation"	"NA"	"Tahoma"		"Participant19"	"U85"	03/14/2012	"Tobii T120"	"TranslogII"	"Release165"	"TranslogII"	"Release165"	"CDAC-Noida"	"Hindi"	
"NJ12"	"Text2"		2	"Post-editing"	"Google"	"Tahoma"		"Participant19"	"U85"	03/14/2012	"Tobii T120"	"TranslogII"	"Release165"	"TranslogII"	"Release165"	"CDAC-Noida"		
"NJ12"	"Text18"		5	"Post-editing"	"Google"	"Tahoma"		"Participant19"	"U85"	03/14/2012	"Tobii T120"	"TranslogII"	"Release165"	"TranslogII"	"Release165"	"CDAC-Noida"		
"NJ12"	"Text8"		4	"Post-editing"	"AnglaBharati"	"Tahoma"		"Participant19"	"U85"	03/14/2012	"Tobii T120"	"TranslogII"	"Release165"	"TranslogII"	"Release165"	"CDAC-Noida"		
"NJ12"	"Text1"		1	"Post-editing"	"AnglaBharati"	"Tahoma"		"Participant19"	"U85"	03/14/2012	"Tobii T120"	"TranslogII"	"Release165"	"TranslogII"	"Release165"	"CDAC-Noida"		
"NJ12"	"Text2"		2	"Translation"	"NA"	"Tahoma"		"Participant20"	"U86"	03/15/2012	"Tobii T120"	"TranslogII"	"Release165"	"TranslogII"	"Release165"	"CDAC-Noida"	"Hindi"	
"NJ12"	"Text18"		5	"Translation"	"NA"	"Tahoma"		"Participant20"	"U86"	03/15/2012	"Tobii T120"	"TranslogII"	"Release165"	"TranslogII"	"Release165"	"CDAC-Noida"	"Hindi"	
"NJ12"	"Text8"		4	"Post-editing"	"Google"	"Tahoma"		"Participant20"	"U86"	03/15/2012	"Tobii T120"	"TranslogII"	"Release165"	"TranslogII"	"Release165"	"CDAC-Noida"		
"NJ12"	"Text1"		1	"Post-editing"	"Google"	"Tahoma"		"Participant20"	"U86"	03/15/2012	"Tobii T120"	"TranslogII"	"Release165"	"TranslogII"	"Release165"	"CDAC-Noida"		
"NJ12"	"Text19"		6	"Post-editing"	"AnglaBharati"	"Tahoma"		"Participant20"	"U86"	03/15/2012	"Tobii T120"	"TranslogII"	"Release165"	"TranslogII"	"Release165"	"CDAC-Noida"		
"NJ12"	"Text3"		3	"Post-editing"	"AnglaBharati"	"Tahoma"		"Participant20"	"U86"	03/15/2012	"Tobii T120"	"TranslogII"	"Release165"	"TranslogII"	"Release165"	"CDAC-Noida"		
"NJ12"	"Text8"		4	"Translation"	"NA"	"Tahoma"		"Participant21"	"U87"	03/16/2012	"Tobii T120"	"TranslogII"	"Release165"	"TranslogII"	"Release165"	"CDAC-Noida"	"Hindi"	
"NJ12"	"Text1"		1	"Translation"	"NA"	"Tahoma"		"Participant21"	"U87"	03/16/2012	"Tobii T120"	"TranslogII"	"Release165"	"TranslogII"	"Release165"	"CDAC-Noida"	"Hindi"	
"NJ12"	"Text19"		6	"Post-editing"	"Google"	"Tahoma"		"Participant21"	"U87"	03/16/2012	"Tobii T120"	"TranslogII"	"Release165"	"TranslogII"	"Release165"	"CDAC-Noida"		
"NJ12"	"Text3"		3	"Post-editing"	"Google"	"Tahoma"		"Participant21"	"U87"	03/16/2012	"Tobii T120"	"TranslogII"	"Release165"	"TranslogII"	"Release165"	"CDAC-Noida"		
"NJ12"	"Text2"		2	"Post-editing"	"AnglaBharati"	"Tahoma"		"Participant21"	"U87"	03/16/2012	"Tobii T120"	"TranslogII"	"Release165"	"TranslogII"	"Release165"	"CDAC-Noida"		
"NJ12"	"Text18"		5	"Post-editing"	"AnglaBharati"	"Tahoma"		"Participant21"	"U87"	03/16/2012	"Tobii T120"	"TranslogII"	"Release165"	"TranslogII"	"Release165"	"CDAC-Noida"		
"SG12"	"Text18"		5	"Editing"	"ST not visible"	"Tahoma"		"Parti01"	"U88"	06/11/2012	"Tobii TX300"	"TranslogII"	"Release165"	"TranslogII"	"Release165"		"German"	
"SG12"	"Text8"		4	"Post-editing"		"Tahoma"		"Parti01"	"U88"	06/11/2012	"Tobii TX300"	"TranslogII"	"Release165"	"TranslogII"	"Release165"		"German"	
"SG12"	"Text1"		1	"Translation"		"Tahoma"		"Parti01"	"U88"	06/11/2012	"Tobii TX300"	"TranslogII"	"Release165"	"TranslogII"	"Release165"		"German"	
"SG12"	"Text2"		2	"Translation"		"Tahoma"		"Parti01"	"U88"	06/11/2012	"Tobii TX300"	"TranslogII"	"Release165"	"TranslogII"	"Release165"		"German"	
"SG12"	"Text1"		1	"Editing"	"ST not visible"	"Tahoma"		"Parti02"	"U89"	06/19/2012	"Tobii TX300"	"TranslogII"	"Release165"	"TranslogII"	"Release165"		"German"	
"SG12"	"Text18"		5	"Post-editing"		"Tahoma"		"Parti02"	"U89"	06/19/2012	"Tobii TX300"	"TranslogII"	"Release165"	"TranslogII"	"Release165"		"German"	
"SG12"	"Text19"		6	"Post-editing"		"Tahoma"		"Parti02"	"U89"	06/19/2012	"Tobii TX300"	"TranslogII"	"Release165"	"TranslogII"	"Release165"		"German"	
"SG12"	"Text3"		3	"Translation"		"Tahoma"		"Parti02"	"U89"	06/19/2012	"Tobii TX300"	"TranslogII"	"Release165"	"TranslogII"	"Release165"		"German"	
"SG12"	"Text8"		4	"Translation"		"Tahoma"		"Parti02"	"U89"	06/19/2012	"Tobii TX300"	"TranslogII"	"Release165"	"TranslogII"	"Release165"		"German"	
"SG12"	"Text3"		3	"Editing"	"ST not visible"	"Tahoma"		"Parti03"	"U90"	06/19/2012	"Tobii TX300"	"TranslogII"	"Release165"	"TranslogII"	"Release165"		"German"	
"SG12"	"Text8"		4	"Editing"	"ST not visible"	"Tahoma"		"Parti03"	"U90"	06/19/2012	"Tobii TX300"	"TranslogII"	"Release165"	"TranslogII"	"Release165"		"German"	
"SG12"	"Text1"		1	"Post-editing"		"Tahoma"		"Parti03"	"U90"	06/19/2012	"Tobii TX300"	"TranslogII"	"Release165"	"TranslogII"	"Release165"		"German"	
"SG12"	"Text2"		2	"Post-editing"		"Tahoma"		"Parti03"	"U90"	06/19/2012	"Tobii TX300"	"TranslogII"	"Release165"	"TranslogII"	"Release165"		"German"	
"SG12"	"Text18"		5	"Translation"		"Tahoma"		"Parti03"	"U90"	06/19/2012	"Tobii TX300"	"TranslogII"	"Release165"	"TranslogII"	"Release165"		"German"	
"SG12"	"Text19"		6	"Translation"		"Tahoma"		"Parti03"	"U90"	06/19/2012	"Tobii TX300"	"TranslogII"	"Release165"	"TranslogII"	"Release165"		"German"	
"SG12"	"Text18"		5	"Editing"	"ST not visible"	"Tahoma"		"Parti10"	"U91"	07/03/2012	"Tobii TX300"	"TranslogII"	"Release165"	"TranslogII"	"Release165"		"German"	
"SG12"	"Text19"		6	"Editing"	"ST not visible"	"Tahoma"		"Parti10"	"U91"	07/03/2012	"Tobii TX300"	"TranslogII"	"Release165"	"TranslogII"	"Release165"		"German"	
"SG12"	"Text1"		1	"Post-editing"		"Tahoma"		"Parti10"	"U91"	07/03/2012	"Tobii TX300"	"TranslogII"	"Release165"	"TranslogII"	"Release165"		"German"	
"SG12"	"Text3"		3	"Post-editing"		"Tahoma"		"Parti10"	"U91"	07/03/2012	"Tobii TX300"	"TranslogII"	"Release165"	"TranslogII"	"Release165"		"German"	
"SG12"	"Text2"		2	"Translation"		"Tahoma"		"Parti10"	"U91"	07/03/2012	"Tobii TX300"	"TranslogII"	"Release165"	"TranslogII"	"Release165"		"German"	
"SG12"	"Text8"		4	"Translation"		"Tahoma"		"Parti10"	"U91"	07/03/2012	"Tobii TX300"	"TranslogII"	"Release165"	"TranslogII"	"Release165"		"German"	
"SG12"	"Text1"		1	"Editing"	"ST not visible"	"Tahoma"		"Parti11"	"U92"	07/03/2012	"Tobii TX300"	"TranslogII"	"Release165"	"TranslogII"	"Release165"		"German"	
"SG12"	"Text2"		2	"Editing"	"ST not visible"	"Tahoma"		"Parti11"	"U92"	07/03/2012	"Tobii TX300"	"TranslogII"	"Release165"	"TranslogII"	"Release165"		"German"	
"SG12"	"Text3"		3	"Post-editing"		"Tahoma"		"Parti11"	"U92"	07/03/2012	"Tobii TX300"	"TranslogII"	"Release165"	"TranslogII"	"Release165"		"German"	
"SG12"	"Text8"		4	"Translation"		"Tahoma"		"Parti11"	"U92"	07/03/2012	"Tobii TX300"	"TranslogII"	"Release165"	"TranslogII"	"Release165"		"German"	
"SG12"	"Text19"		6	"Translation"		"Tahoma"		"Parti11"	"U92"	07/03/2012	"Tobii TX300"	"TranslogII"	"Release165"	"TranslogII"	"Release165"		"German"	
"SG12"	"Text3"		3	"Editing"	"ST not visible"	"Tahoma"		"Parti12"	"U93"	07/03/2012	"Tobii TX300"	"TranslogII"	"Release165"	"TranslogII"	"Release165"		"German"	
"SG12"	"Text8"		4	"Editing"	"ST not visible"	"Tahoma"		"Parti12"	"U93"	07/03/2012	"Tobii TX300"	"TranslogII"	"Release165"	"TranslogII"	"Release165"		"German"	
"SG12"	"Text1"		1	"Post-editing"		"Tahoma"		"Parti12"	"U93"	07/03/2012	"Tobii TX300"	"TranslogII"	"Release165"	"TranslogII"	"Release165"		"German"	
"SG12"	"Text18"		5	"Post-editing"		"Tahoma"		"Parti12"	"U93"	07/03/2012	"Tobii TX300"	"TranslogII"	"Release165"	"TranslogII"	"Release165"		"German"	
"SG12"	"Text2"		2	"Translation"		"Tahoma"		"Parti12"	"U93"	07/03/2012	"Tobii TX300"	"TranslogII"	"Release165"	"TranslogII"	"Release165"		"German"	
"SG12"	"Text19"		6	"Translation"		"Tahoma"		"Parti12"	"U93"	07/03/2012	"Tobii TX300"	"TranslogII"	"Release165"	"TranslogII"	"Release165"		"German"	
"MS12"	"Text19"		6	"Editing"		"Tahoma"		1	"U94"	04/27/2012	"Tobii T120"	"TranslogII"		"TranslogII"			"Chinese"	
"MS12"	"Text3"		3	"Post-editing"		"Tahoma"		1	"U94"	04/14/2012	"Tobii T120"	"TranslogII"		"TranslogII"			"Chinese"	
"MS12"	"Text8"		4	"Post-editing"		"Tahoma"		1	"U94"	04/14/2012	"Tobii T120"	"TranslogII"		"TranslogII"			"Chinese"	
"MS12"	"Text2"		2	"Translation"		"Tahoma"		1	"U94"	04/14/2012	"Tobii T120"	"TranslogII"		"TranslogII"			"Chinese"	
"MS12"	"Text3"		3	"Translation"		"Tahoma"		2	"U95"	04/16/2012	"Tobii T120"	"TranslogII"		"TranslogII"			"Chinese"	
"MS12"	"Text8"		4	"Translation"		"Tahoma"		2	"U95"	04/16/2012	"Tobii T120"	"TranslogII"		"TranslogII"			"Chinese"	
"MS12"	"Text8"		4	"Editing"		"Tahoma"		3	"U96"	04/18/2012	"Tobii T120"	"TranslogII"		"TranslogII"			"Chinese"	
"MS12"	"Text2"		2	"Post-editing"		"Tahoma"		3	"U96"	04/18/2012	"Tobii T120"	"TranslogII"		"TranslogII"			"Chinese"	
"MS12"	"Text18"		5	"Translation"		"Tahoma"		3	"U96"	04/18/2012	"Tobii T120"	"TranslogII"		"TranslogII"			"Chinese"	
"MS12"	"Text19"		6	"Translation"		"Tahoma"		3	"U96"	04/18/2012	"Tobii T120"	"TranslogII"		"TranslogII"			"Chinese"	
"MS12"	"Text18"		5	"Editing"		"Tahoma"		4	"U97"	04/19/2012	"Tobii T120"	"TranslogII"		"TranslogII"			"Chinese"	
"MS12"	"Text19"		6	"Editing"		"Tahoma"		4	"U97"	04/19/2012	"Tobii T120"	"TranslogII"		"TranslogII"			"Chinese"	
"MS12"	"Text18"		5	"Post-editing"		"Tahoma"		5	"U98"	04/18/2012	"Tobii T120"	"TranslogII"		"TranslogII"			"Chinese"	
"MS12"	"Text19"		6	"Post-editing"		"Tahoma"		5	"U98"	04/18/2012	"Tobii T120"	"TranslogII"		"TranslogII"			"Chinese"	
"MS12"	"Text3"		3	"Translation"		"Tahoma"		5	"U98"	04/18/2012	"Tobii T120"	"TranslogII"		"TranslogII"			"Chinese"	
"MS12"	"Text8"		4	"Translation"		"Tahoma"		5	"U98"	04/18/2012	"Tobii T120"	"TranslogII"		"TranslogII"			"Chinese"	
"MS12"	"Text3"		3	"Editing"		"Tahoma"		6	"U99"	04/19/2012	"Tobii T120"	"TranslogII"		"TranslogII"			"Chinese"	
"MS12"	"Text8"		4	"Editing"		"Tahoma"		6	"U99"	04/19/2012	"Tobii T120"	"TranslogII"		"TranslogII"			"Chinese"	
"MS12"	"Text1"		1	"Post-editing"		"Tahoma"		6	"U99"	04/19/2012	"Tobii T120"	"TranslogII"		"TranslogII"			"Chinese"	
"MS12"	"Text2"		2	"Post-editing"		"Tahoma"		6	"U99"	04/19/2012	"Tobii T120"	"TranslogII"		"TranslogII"			"Chinese"	
"MS12"	"Text18"		5	"Translation"		"Tahoma"		6	"U99"	04/19/2012	"Tobii T120"	"TranslogII"		"TranslogII"			"Chinese"	
"MS12"	"Text19"		6	"Translation"		"Tahoma"		6	"U99"	04/19/2012	"Tobii T120"	"TranslogII"		"TranslogII"			"Chinese"	
"MS12"	"Text18"		5	"Editing"		"Tahoma"		7	"U100"	04/27/2012	"Tobii T120"	"TranslogII"		"TranslogII"			"Chinese"	
"MS12"	"Text2"		2	"Post-editing"		"Tahoma"		7	"U100"	04/27/2012	"Tobii T120"	"TranslogII"		"TranslogII"			"Chinese"	
"MS12"	"Text8"		4	"Post-editing"		"Tahoma"		7	"U100"	04/27/2012	"Tobii T120"	"TranslogII"		"TranslogII"			"Chinese"	
"MS12"	"Text2"		2	"Editing"		"Tahoma"		8	"U101"	05/07/2012	"Tobii T120"	"TranslogII"		"TranslogII"			"Chinese"	
"MS12"	"Text8"		4	"Post-editing"		"Tahoma"		8	"U101"	05/07/2012	"Tobii T120"	"TranslogII"		"TranslogII"			"Chinese"	
"MS12"	"Text8"		4	"Editing"		"Tahoma"		9	"U102"	04/27/2012	"Tobii T120"	"TranslogII"		"TranslogII"			"Chinese"	
"MS12"	"Text2"		2	"Post-editing"		"Tahoma"		9	"U102"	04/27/2012	"Tobii T120"	"TranslogII"		"TranslogII"			"Chinese"	
"MS12"	"Text19"		6	"Post-editing"		"Tahoma"		9	"U102"	04/27/2012	"Tobii T120"	"TranslogII"		"TranslogII"			"Chinese"	
"MS12"	"Text1"		1	"Post-editing"		"Tahoma"		10	"U103"	04/20/2012	"Tobii T120"	"TranslogII"		"TranslogII"			"Chinese"	
"MS12"	"Text3"		3	"Post-editing"		"Tahoma"		10	"U103"	04/20/2012	"Tobii T120"	"TranslogII"		"TranslogII"			"Chinese"	
"MS12"	"Text2"		2	"Translation"		"Tahoma"		10	"U103"	04/20/2012	"Tobii T120"	"TranslogII"		"TranslogII"			"Chinese"	
"MS12"	"Text3"		3	"Post-editing"		"Tahoma"		11	"U104"	04/21/2012	"Tobii T120"	"TranslogII"		"TranslogII"			"Chinese"	
"MS12"	"Text18"		5	"Post-editing"		"Tahoma"		11	"U104"	04/21/2012	"Tobii T120"	"TranslogII"		"TranslogII"			"Chinese"	
"MS12"	"Text8"		4	"Translation"		"Tahoma"		11	"U104"	04/21/2012	"Tobii T120"	"TranslogII"		"TranslogII"			"Chinese"	
"MS12"	"Text19"		6	"Translation"		"Tahoma"		11	"U104"	04/21/2012	"Tobii T120"	"TranslogII"		"TranslogII"			"Chinese"	
"MS12"	"Text8"		4	"Editing"		"Tahoma"		12	"U105"	04/21/2012	"Tobii T120"	"TranslogII"		"TranslogII"			"Chinese"	
"MS12"	"Text1"		1	"Post-editing"		"Tahoma"		12	"U105"	04/21/2012	"Tobii T120"	"TranslogII"		"TranslogII"			"Chinese"	
"MS12"	"Text18"		5	"Post-editing"		"Tahoma"		12	"U105"	04/21/2012	"Tobii T120"	"TranslogII"		"TranslogII"			"Chinese"	
"MS12"	"Text2"		2	"Editing"		"Tahoma"		14	"U106"	04/21/2012	"Tobii T120"	"TranslogII"		"TranslogII"			"Chinese"	
"MS12"	"Text18"		5	"Translation"		"Tahoma"		14	"U106"	04/21/2012	"Tobii T120"	"TranslogII"		"TranslogII"			"Chinese"	
"MS12"	"Text2"		2	"Translation"		"Tahoma"		18	"U107"	05/04/2012	"Tobii T120"	"TranslogII"		"TranslogII"			"Chinese"	
"MS12"	"Text2"		2	"Post-editing"		"Tahoma"		23	"U108"	05/09/2012	"Tobii T120"	"TranslogII"		"TranslogII"			"Chinese"	
